	Series1_NHBE_Mock_1	Series1_NHBE_Mock_2	Series1_NHBE_Mock_3	Series9_NHBE_Mock_1	Series9_NHBE_Mock_2	Series9_NHBE_Mock_3	Series9_NHBE_Mock_4	Series1_NHBE_SARS-CoV-2_1	Series1_NHBE_SARS-CoV-2_2	Series1_NHBE_SARS-CoV-2_3	Series9_NHBE_IAV_1	Series9_NHBE_IAV_2	Series9_NHBE_IAV_3	Series9_NHBE_IAV_4	Series9_NHBE_IAVdNS1_1	Series9_NHBE_IAVdNS1_2	Series9_NHBE_IAVdNS1_3	Series9_NHBE_IAVdNS1_4	Series2_A549_Mock_1	Series2_A549_Mock_2	Series2_A549_Mock_3	Series3_A549_Mock_1	Series3_A549_Mock_2	Series4_A549_Mock_1	Series4_A549_Mock_2	Series5_A549_Mock_1	Series5_A549_Mock_2	Series5_A549_Mock_3	Series8_A549_Mock_1	Series8_A549_Mock_2	Series8_A549_Mock_3	Series2_A549_SARS-CoV-2_1	Series2_A549_SARS-CoV-2_2	Series2_A549_SARS-CoV-2_3	Series5_A549_SARS-CoV-2_1	Series5_A549_SARS-CoV-2_2	Series5_A549_SARS-CoV-2_3	Series4_A549_IAV_1	Series4_A549_IAV_2	Series3_A549_RSV_1	Series3_A549_RSV_2	Series8_A549_HPIV3_3	Series8_A549_HPIV3_2	Series8_A549_HPIV3_1	Series7_Calu3_Mock_1	Series7_Calu3_Mock_2	Series7_Calu3_Mock_3	Series7_Calu3_SARS-CoV-2_1	Series7_Calu3_SARS-CoV-2_2	Series7_Calu3_SARS-CoV-2_3	Series15_HealthyLungBiopsy_2	Series15_HealthyLungBiopsy_1	Series15_COVID19Lung_2	Series15_COVID19Lung_1
TIFAB	0.0	0.0	0.0	0.0	0.0	0.0	0.0	0.0	0.0	0.0	0.0	0.0	0.0	0.0	0.0	0.0	0.0	0.0	0.0	0.0	0.0	0.0	0.0	0.0	0.0	0.0	0.0	0.0	0.0	0.0	0.0	0.0	0.0	0.0	0.0	0.0	0.0	0.0	0.0	0.0	0.0	0.0	0.0	0.0	0.0	0.0	0.0	0.0	0.0	0.0	1.3862943611198906	1.3862943611198906	0.0	0.0
OR56B1	0.0	0.0	0.0	0.0	0.0	0.0	0.0	0.0	0.0	0.0	0.0	0.0	0.0	0.0	0.0	0.0	0.0	0.0	0.0	0.0	0.0	0.0	0.0	0.0	0.0	0.0	0.0	0.0	0.0	0.0	0.0	0.0	0.0	0.0	0.0	0.0	0.0	0.0	0.0	0.0	0.0	0.0	0.0	0.0	0.0	0.0	0.0	0.0	0.0	0.0	1.3862943611198906	1.3862943611198906	0.0	0.0
CACNA2D3-AS1	0.0	0.0	0.0	0.0	0.0	0.0	0.0	0.0	0.0	0.0	0.0	0.0	0.0	0.0	0.0	0.0	0.0	0.0	0.0	0.0	0.0	0.0	0.0	0.0	0.0	0.0	0.0	0.0	0.0	0.0	0.0	0.0	0.0	0.0	0.0	0.0	0.0	0.0	0.0	0.0	0.0	0.0	0.0	0.0	0.0	0.0	0.0	0.0	0.0	0.0	1.3862943611198906	1.3862943611198906	0.0	0.0
TBL1Y	0.0	0.0	0.0	0.0	0.0	0.0	0.0	0.0	0.0	0.0	0.0	0.0	0.0	0.0	0.0	0.0	0.0	0.0	0.0	0.0	0.0	0.0	0.0	0.0	0.0	0.0	0.0	0.0	0.0	0.0	0.0	0.0	0.0	0.0	0.0	0.0	0.0	0.0	0.0	0.0	0.0	0.0	0.0	0.0	0.0	0.0	0.0	0.0	0.0	0.0	1.3862943611198906	1.3862943611198906	0.0	0.0
C1orf87	0.0	0.0	0.0	0.0	0.0	0.0	0.0	0.0	0.0	0.0	0.0	0.0	0.0	0.0	0.0	0.0	0.0	0.0	0.0	0.0	0.0	0.0	0.0	0.0	0.0	0.0	0.0	0.0	0.0	0.0	0.0	0.0	0.0	0.0	0.0	0.0	0.0	0.0	0.0	0.0	0.0	0.0	0.0	0.0	0.0	0.0	0.0	0.0	0.0	0.0	3.044522437723423	3.091042453358316	0.0	0.0
KIR3DL1	0.0	0.0	0.0	0.0	0.0	0.0	0.0	0.0	0.0	0.0	0.0	0.0	0.0	0.0	0.0	0.0	0.0	0.0	0.0	0.0	0.0	0.0	0.0	0.0	0.0	0.0	0.0	0.0	0.0	0.0	0.0	0.0	0.0	0.0	0.0	0.0	0.0	0.0	0.0	0.0	0.0	0.0	0.0	0.0	0.0	0.0	0.0	0.0	0.0	0.0	2.4849066497880004	2.3978952727983707	0.0	0.0
PLA2G2D	0.0	0.0	0.0	0.0	0.0	0.0	0.0	0.0	0.0	0.0	0.0	0.0	0.0	0.0	0.0	0.0	0.0	0.0	0.0	0.0	0.0	0.0	0.0	0.0	0.0	0.0	0.0	0.0	0.0	0.0	0.0	0.0	0.0	0.0	0.0	0.0	0.0	0.0	0.0	0.0	0.0	0.0	0.0	0.0	0.0	0.0	0.0	0.0	0.0	0.0	3.1354942159291497	2.8903717578961645	0.0	0.0
CSN3	0.0	0.0	0.0	0.0	0.0	0.0	0.0	0.0	0.0	0.0	0.0	0.0	0.0	0.0	0.0	0.0	0.0	0.0	0.0	0.0	0.0	0.0	0.0	0.0	0.0	0.0	0.0	0.0	0.0	0.0	0.0	0.0	0.0	0.0	0.0	0.0	0.0	0.0	0.0	0.0	0.0	0.0	0.0	0.0	8.556798446008598	9.041566627727496	9.863446502998944	9.435881047890113	8.895355616996392	9.484481173861296	0.0	0.0	0.0	0.0
CYP4Z2P	0.0	0.0	0.0	0.0	0.0	0.0	0.0	0.0	0.0	0.0	0.0	0.0	0.0	0.0	0.0	0.0	0.0	0.0	0.0	0.0	0.0	0.0	0.0	0.0	0.0	0.0	0.0	0.0	0.0	0.0	0.0	0.0	0.0	0.0	0.0	0.0	0.0	0.0	0.0	0.0	0.0	0.0	0.0	0.0	0.0	0.0	0.0	0.0	0.0	0.0	2.0794415416798357	2.302585092994046	0.0	0.0
FAM170B	0.0	0.0	0.0	0.0	0.0	0.0	0.0	0.0	0.0	0.0	0.0	0.0	0.0	0.0	0.0	0.0	0.0	0.0	0.0	0.0	0.0	0.0	0.0	0.0	0.0	0.0	0.0	0.0	0.0	0.0	0.0	0.0	0.0	0.0	0.0	0.0	0.0	0.0	0.0	0.0	0.0	0.0	0.0	0.0	0.0	0.0	0.0	0.0	0.0	0.0	1.791759469228055	1.6094379124341003	0.0	0.0
OR7E12P	0.0	0.0	0.0	0.0	0.0	0.0	0.0	0.0	0.0	0.0	0.0	0.0	0.0	0.0	0.0	0.0	0.0	0.0	0.0	0.0	0.0	0.0	0.0	0.0	0.0	0.0	0.0	0.0	0.0	0.0	0.0	0.0	0.0	0.0	0.0	0.0	0.0	0.0	0.0	0.0	0.0	0.0	0.0	0.0	0.0	0.0	0.0	0.0	0.0	0.0	2.1972245773362196	2.4849066497880004	0.0	0.0
VENTX	0.0	0.0	0.0	0.0	0.0	0.0	0.0	0.0	0.0	0.0	0.0	0.0	0.0	0.0	0.0	0.0	0.0	0.0	0.0	0.0	0.0	0.0	0.0	0.0	0.0	0.0	0.0	0.0	0.0	0.0	0.0	0.0	0.0	0.0	0.0	0.0	0.0	0.0	0.0	0.0	0.0	0.0	0.0	0.0	0.0	0.0	0.0	0.0	0.0	0.0	2.995732273553991	3.4011973816621555	0.0	0.0
ODAM	0.0	0.0	0.0	0.0	0.0	0.0	0.0	0.0	0.0	0.0	0.0	0.0	0.0	0.0	0.0	0.0	0.0	0.0	0.0	0.0	0.0	0.0	0.0	0.0	0.0	0.0	0.0	0.0	0.0	0.0	0.0	0.0	0.0	0.0	0.0	0.0	0.0	0.6931471805599453	0.0	0.0	0.0	0.0	0.0	0.0	6.9411900550683745	7.394493107219038	8.258940462988459	7.952615111651	7.3537223303996315	7.989221408815276	2.5649493574615367	2.8903717578961645	0.0	0.0
PTGDR	0.0	0.0	0.0	0.0	0.0	0.0	0.0	0.0	0.0	0.0	0.0	0.0	0.0	0.0	0.0	0.0	0.0	0.0	0.0	0.0	0.0	0.0	0.0	0.0	0.0	0.0	0.0	0.0	0.0	0.0	0.0	0.0	0.0	0.0	0.0	0.0	0.0	0.0	0.0	0.0	0.0	0.0	0.0	0.0	0.0	0.0	0.0	0.0	0.0	0.0	3.1780538303479458	3.6375861597263857	0.0	0.0
KRT6A	11.07987844927599	11.019022508400145	11.598580088652863	11.251171014528364	11.263771558223787	11.449101355246707	12.007420467046778	11.160612422663181	11.004879308237822	12.178064041110861	12.517417532219287	11.211793344794042	11.70650013399209	11.05890541502569	11.95350672016767	11.524369728854486	11.82876487263035	12.165224609004161	0.6931471805599453	0.0	0.0	0.0	0.0	0.0	0.0	0.0	0.0	0.0	0.0	0.0	0.6931471805599453	0.6931471805599453	1.0986122886681098	0.6931471805599453	0.0	0.0	0.6931471805599453	0.0	0.6931471805599453	0.6931471805599453	0.6931471805599453	1.6094379124341003	1.6094379124341003	0.6931471805599453	0.0	0.0	0.0	1.0986122886681098	1.3862943611198906	0.6931471805599453	1.6094379124341003	3.4011973816621555	0.0	0.6931471805599453
PTCRA	0.0	0.0	0.0	0.0	0.0	0.0	0.0	0.0	0.0	0.0	0.0	0.0	0.0	0.0	0.0	0.0	0.0	0.0	0.0	0.0	0.0	0.0	0.0	0.0	0.0	0.0	0.0	0.0	0.0	0.0	0.0	0.0	0.0	0.0	0.0	0.0	0.0	0.0	0.0	0.0	0.0	0.0	0.0	0.0	0.0	0.0	0.0	0.0	0.0	0.0	2.772588722239781	2.3978952727983707	0.0	0.0
F2RL3	0.0	0.0	0.0	0.0	0.0	0.0	0.0	0.0	0.0	0.0	0.0	0.0	0.0	0.0	0.6931471805599453	0.0	0.0	0.6931471805599453	0.0	0.0	0.0	0.0	0.0	0.0	0.0	0.0	0.0	0.0	0.0	0.0	0.0	0.0	0.0	0.0	0.0	0.0	0.0	0.0	0.0	0.0	0.0	0.0	0.0	0.0	0.0	0.0	0.0	0.0	0.0	0.0	6.904750769961838	6.734591659972948	0.0	0.0
TTTY10	0.0	0.0	0.0	0.0	0.0	0.0	0.0	0.0	0.0	0.0	0.0	0.0	0.0	0.0	0.0	0.0	0.0	0.0	0.0	0.0	0.0	0.0	0.0	0.0	0.0	0.0	0.0	0.0	0.0	0.0	0.0	0.0	0.0	0.0	0.0	0.0	0.0	0.0	0.0	0.0	0.0	0.0	0.0	0.0	0.0	0.0	0.0	0.0	0.0	0.0	1.3862943611198906	1.6094379124341003	0.0	0.0
C4orf51	0.0	0.0	0.0	0.0	0.0	0.0	0.0	0.0	0.0	0.0	0.0	0.0	0.0	0.0	0.0	0.0	0.0	0.0	0.0	0.0	0.0	0.0	0.0	0.0	0.0	0.0	0.0	0.0	0.0	0.0	0.0	0.0	0.0	0.0	0.0	0.0	0.0	0.0	0.0	0.0	0.0	0.0	0.0	0.0	0.0	0.0	0.0	0.0	0.0	0.0	1.6094379124341003	1.3862943611198906	0.0	0.0
KRT5	11.68332625086849	11.624153731655937	12.044711868644091	11.227520797262487	11.25587605162622	11.422004637847426	11.94088239171362	11.468733214177846	11.426223131130936	12.524937201339597	12.311112609816899	11.061814244976317	11.673333668452292	10.971829619297056	11.6776005682537	11.323313396864812	11.587875225577756	12.19939540227685	0.0	0.0	0.0	0.0	0.6931471805599453	0.0	0.6931471805599453	0.0	0.0	0.0	0.6931471805599453	0.0	0.0	0.0	0.6931471805599453	0.0	0.0	0.0	0.0	1.0986122886681098	0.0	0.6931471805599453	0.0	0.0	0.0	0.6931471805599453	0.0	0.0	1.3862943611198906	0.0	0.0	0.0	3.871201010907891	3.044522437723423	1.791759469228055	0.0
SIGLEC17P	0.0	0.0	0.0	0.0	0.0	0.0	0.0	0.0	0.0	0.0	0.0	0.0	0.0	0.0	0.0	0.0	0.0	0.0	0.0	0.0	0.0	0.0	0.0	0.0	0.0	0.0	0.0	0.0	0.0	0.0	0.0	0.0	0.0	0.0	0.0	0.0	0.0	0.0	0.0	0.0	0.0	0.0	0.0	0.0	0.0	0.0	0.0	0.0	0.0	0.0	4.624972813284271	4.465908118654584	0.6931471805599453	0.0
KRT14	10.079329830732325	10.02446547908903	10.584916340141875	10.463046195981693	10.41355288735571	10.76195847542619	11.270446177349276	10.050570457237374	9.884151816229386	11.091483402338923	11.665989840697065	10.41819562981634	10.85180007043302	10.127790431570185	11.16284302833769	10.876120809948317	10.884535531625561	11.866992009992392	0.6931471805599453	0.0	0.0	1.0986122886681098	0.0	0.0	0.0	0.0	0.0	0.0	0.6931471805599453	0.0	0.0	0.0	0.0	0.0	0.0	0.0	0.0	0.0	0.0	0.0	0.0	0.6931471805599453	0.0	0.6931471805599453	4.290459441148391	5.0689042022202315	5.69035945432406	4.941642422609304	4.0943445622221	4.844187086458591	0.0	1.791759469228055	0.0	0.0
ARHGEF15	0.0	0.0	0.0	0.0	0.0	0.0	0.0	0.0	0.0	0.0	0.0	0.0	0.0	0.0	0.0	0.0	0.0	0.0	0.0	0.0	0.0	0.6931471805599453	0.0	0.0	0.0	0.0	0.6931471805599453	0.0	0.0	0.0	0.0	0.0	0.0	0.0	0.0	0.0	0.0	0.0	0.0	0.0	0.0	0.0	0.0	0.0	0.0	0.0	0.0	0.0	0.0	0.0	7.957877358489813	7.57198844937744	0.0	0.0
OR51I1	0.0	0.0	0.0	0.0	0.0	0.0	0.0	0.0	0.0	0.0	0.0	0.0	0.0	0.0	0.0	0.0	0.0	0.0	0.0	0.0	0.0	0.0	0.0	0.0	0.0	0.0	0.0	0.0	0.0	0.0	0.0	0.0	0.0	0.0	0.0	0.0	0.0	0.0	0.0	0.0	0.0	0.0	0.0	0.0	0.0	0.0	0.0	0.0	0.0	0.0	1.6094379124341003	1.9459101490553132	0.0	0.0
KCNA4	0.0	0.0	0.0	0.0	0.0	0.0	0.0	0.0	0.0	0.0	0.0	0.0	0.0	0.0	0.0	0.0	0.0	0.0	0.0	0.0	0.0	0.0	0.0	0.0	0.0	0.0	0.0	0.0	0.0	0.0	0.0	0.0	0.0	0.0	0.0	0.0	0.0	0.0	0.0	0.0	0.0	0.0	0.0	0.0	0.0	0.0	0.0	0.0	0.0	0.0	1.6094379124341003	1.9459101490553132	0.0	0.0
IL5RA	0.0	0.0	0.0	0.0	0.0	0.0	0.0	0.0	0.0	0.0	0.0	0.0	0.0	0.0	0.0	0.0	0.0	0.0	0.0	0.0	0.0	0.0	0.0	0.0	0.0	0.0	0.0	0.0	0.0	0.0	0.0	0.0	0.0	0.0	0.0	0.0	0.0	0.0	0.0	0.0	0.0	0.0	0.0	0.0	0.0	0.0	0.0	0.0	0.0	0.0	3.9889840465642745	3.295836866004329	0.0	0.0
NRG3	0.0	0.0	0.0	0.0	0.0	0.0	0.0	0.0	0.0	0.0	0.0	0.0	0.0	0.0	0.0	0.0	0.0	0.0	0.0	0.0	0.0	0.0	0.0	0.0	0.0	0.0	0.0	0.0	0.0	0.0	0.0	0.0	0.0	0.0	0.0	0.0	0.0	0.0	0.0	0.0	0.0	0.0	0.0	0.0	5.1298987149230735	5.53338948872752	6.672032945461067	5.802118375377063	5.402677381872279	5.902633333401366	2.3978952727983707	3.2188758248682006	0.0	0.0
OR4C6	0.0	0.0	0.0	0.0	0.0	0.0	0.0	0.0	0.0	0.0	0.0	0.0	0.0	0.0	0.0	0.0	0.0	0.0	0.0	0.0	0.0	0.0	0.0	0.0	0.0	0.0	0.0	0.0	0.0	0.0	0.0	0.0	0.0	0.0	0.0	0.0	0.0	0.0	0.0	0.0	0.0	0.0	0.0	0.0	2.302585092994046	2.3978952727983707	2.302585092994046	2.6390573296152584	1.9459101490553132	2.5649493574615367	0.0	0.0	0.0	0.0
CPLX2	0.0	0.6931471805599453	0.6931471805599453	0.0	0.0	0.0	0.0	2.302585092994046	0.0	0.6931471805599453	0.0	0.0	0.0	0.0	0.6931471805599453	0.0	0.0	0.0	10.41538260426014	9.867860374892977	9.586445324777861	10.828103533156273	10.61071020720062	8.978912601074276	9.61413742298365	10.725994938401781	10.69471380325571	10.72368579868446	9.066239028001926	9.472704636443673	10.095346813810572	10.506299656914493	10.410877280366218	10.154557506491177	9.720765915720834	9.440816970657185	10.195671974185327	8.524367395164237	7.372118028337787	9.320180837655714	9.024974184996003	9.775767810933758	9.731037115537436	9.755567422459507	0.6931471805599453	1.0986122886681098	0.6931471805599453	1.0986122886681098	1.0986122886681098	0.0	1.0986122886681098	1.3862943611198906	2.995732273553991	1.6094379124341003
KRT6C	4.454347296253507	4.532599493153256	4.90527477843843	5.062595033026967	5.0238805208462765	5.087596335232384	5.472270673671475	4.248495242049359	4.02535169073515	4.875197323201151	5.91350300563827	4.48863636973214	5.87493073085203	5.278114659230517	5.6131281063880705	5.288267030694535	5.926926025970411	6.440946540632921	0.0	0.0	0.0	0.0	0.0	0.0	0.0	0.0	0.0	0.0	0.0	0.0	0.0	0.0	0.0	0.0	0.0	0.0	0.0	0.0	0.0	0.0	0.0	0.0	0.0	0.0	0.0	0.0	0.0	0.0	0.6931471805599453	0.0	0.0	0.0	0.0	0.0
LCN6	0.0	0.0	0.0	0.0	0.0	0.0	0.0	0.0	0.0	0.0	0.0	0.0	0.0	0.0	0.0	0.0	0.0	0.0	0.0	0.0	0.0	0.0	0.0	0.0	0.0	0.0	0.0	0.0	0.0	0.0	0.0	0.0	0.0	0.0	0.0	0.0	0.0	0.0	0.0	0.0	0.0	0.0	0.0	0.0	0.0	0.0	0.0	0.0	0.0	0.0	6.400257445308821	7.277938572945661	1.0986122886681098	0.0
A2ML1	7.305188215393037	7.145196134997171	7.676473646389156	7.365180126021013	7.44716835960004	7.324489979348532	8.010027528481734	7.138866999945524	7.155396301896734	8.564076777315087	7.818430272070656	6.214608098422191	7.763871287820222	7.176254532017144	7.5352967024440884	6.9650803456014065	7.7706452341291765	7.259116128097101	0.6931471805599453	0.0	0.0	0.0	0.0	0.0	0.0	0.0	0.0	0.0	0.0	0.0	0.0	0.0	0.0	0.6931471805599453	0.0	0.0	0.0	0.0	0.0	0.0	0.0	0.0	0.0	0.0	0.6931471805599453	1.6094379124341003	2.4849066497880004	1.9459101490553132	2.1972245773362196	2.302585092994046	1.9459101490553132	1.0986122886681098	0.0	0.0
CCL23	0.0	0.0	0.0	0.0	0.0	0.0	0.0	0.0	0.0	0.0	0.0	0.0	0.0	0.0	0.0	0.0	0.0	0.0	0.0	0.0	0.0	0.0	0.0	0.0	0.0	0.0	0.0	0.0	0.0	0.0	0.0	0.0	0.0	0.0	0.0	0.0	0.0	0.0	0.0	0.0	0.0	0.0	0.0	0.0	0.0	0.0	0.0	0.0	0.0	0.6931471805599453	5.69035945432406	5.204006687076795	0.0	0.6931471805599453
CHIAP2	0.0	0.0	0.0	0.0	0.0	0.0	0.0	0.0	0.0	0.0	0.0	0.0	0.0	0.0	0.0	0.0	0.0	0.0	0.0	0.0	0.0	0.0	0.0	0.0	0.0	0.0	0.0	0.0	0.0	0.0	0.0	0.0	0.0	0.0	0.0	0.0	0.0	0.0	0.0	0.0	0.0	0.0	0.0	0.0	0.0	0.0	0.0	0.0	0.0	0.0	3.1780538303479458	3.9512437185814275	0.0	0.0
MIR205HG	7.578656850594762	7.729295674310482	8.214465160759186	6.756932389247553	6.748759547491679	7.134093721192866	7.733245646529795	7.541683099882111	7.368970402194793	8.492080490601163	8.121183242078828	6.568077911411976	7.498869733976931	6.70808408385307	7.337587743538596	6.81783057145415	7.448333860897476	8.355144739461839	0.0	0.0	0.0	0.0	0.0	0.0	0.0	0.0	0.0	0.0	0.0	0.0	0.0	0.0	0.0	0.0	0.0	0.0	0.0	0.0	0.0	0.0	0.0	0.0	0.0	0.0	0.0	0.6931471805599453	0.0	0.0	0.0	0.0	1.3862943611198906	3.5553480614894135	0.0	0.0
IVL	7.003065458786462	7.119635638017636	7.452402451223638	6.8966943316227125	6.9363427358340495	7.062191632286556	7.784473235736469	7.748028524432376	7.4067107301776405	8.867004635333567	6.777646593635117	5.313205979041787	7.074116816197362	6.546785410760524	7.402451520818244	6.70808408385307	7.105786129481271	7.584773077612199	0.0	0.6931471805599453	0.0	0.0	0.0	0.0	0.0	0.0	0.0	0.0	0.0	0.0	0.0	0.0	0.0	0.0	0.0	0.0	1.0986122886681098	0.6931471805599453	0.0	0.0	0.0	0.0	0.0	0.0	2.833213344056216	3.1780538303479458	4.060443010546419	3.5553480614894135	2.9444389791664403	3.4657359027997265	0.0	0.6931471805599453	0.0	0.0
TNFRSF13B	0.0	0.0	0.0	0.0	0.0	0.0	0.0	0.0	0.0	0.0	0.0	0.0	0.0	0.0	0.0	0.0	0.0	0.0	0.0	0.0	0.0	0.0	0.0	0.0	0.0	0.0	0.0	0.0	0.0	0.0	0.0	0.0	0.0	0.0	0.0	0.0	0.0	0.0	0.0	0.0	0.0	0.0	0.0	0.0	0.0	0.0	0.0	0.0	0.0	0.0	2.6390573296152584	3.295836866004329	0.0	0.0
NPY	0.0	0.0	0.0	0.0	0.0	0.0	0.0	0.0	0.0	0.0	0.0	0.0	0.0	0.0	0.0	0.0	0.0	0.0	0.0	0.0	0.0	0.0	0.0	0.0	0.0	0.0	0.0	0.0	0.0	0.0	0.0	0.0	0.0	0.0	0.0	0.0	0.0	0.0	0.0	0.0	0.0	0.0	0.0	0.0	0.0	0.0	0.0	0.0	0.0	0.0	3.4657359027997265	4.330733340286331	0.0	0.0
PAH	0.0	0.0	0.0	0.0	0.0	0.0	0.0	0.0	0.0	0.0	0.0	0.0	0.0	0.0	0.0	0.0	0.0	1.0986122886681098	0.0	0.0	0.0	0.0	0.0	0.0	0.0	0.0	0.0	0.0	0.0	0.0	0.0	0.0	0.0	0.0	0.0	0.0	0.0	0.0	0.0	0.0	0.0	0.0	0.0	0.0	4.852030263919617	4.976733742420574	6.093569770045136	5.631211781821365	5.204006687076795	5.703782474656201	0.0	0.0	0.0	0.0
KLK7	7.434847875211999	7.352441100243583	7.7142311448490855	6.943122422819428	7.167809184316444	7.291656209174461	7.936660155225426	7.291656209174461	7.1316985104669115	8.564076777315087	6.827629234502852	5.153291594497779	7.3343293503005365	6.7912214627261855	7.9603236291488395	7.344719054149673	7.592366128519796	7.9215356321335495	0.0	0.0	0.0	0.0	0.0	0.0	0.0	0.0	0.0	0.0	0.0	0.0	0.0	0.0	0.0	0.0	0.0	0.0	0.0	0.0	0.6931471805599453	0.0	0.0	0.0	0.0	0.0	4.700480365792417	5.25227342804663	5.978885764901122	4.51085950651685	4.499809670330265	4.8283137373023015	4.31748811353631	2.0794415416798357	0.0	0.0
GPR22	0.0	0.0	0.0	0.0	0.0	0.0	0.0	0.0	0.0	0.0	0.0	0.0	0.0	0.0	0.0	0.0	0.0	0.0	0.0	0.0	0.0	0.0	0.0	0.0	0.0	0.0	0.0	0.0	0.0	0.0	0.0	0.0	0.0	0.0	0.0	0.0	0.0	0.0	0.0	0.0	0.0	0.0	0.0	0.0	0.0	0.0	0.0	0.0	0.0	0.0	1.0986122886681098	1.3862943611198906	0.0	0.0
KCNQ1DN	0.0	0.0	0.0	0.0	0.0	0.0	0.0	0.0	0.0	0.0	0.0	0.0	0.0	0.0	0.0	0.0	0.0	0.0	0.0	0.0	0.0	0.0	0.0	0.0	0.0	0.0	0.0	0.0	0.0	0.0	0.0	0.0	0.0	0.0	0.0	0.0	0.0	0.0	0.0	0.0	0.0	0.0	0.0	0.0	0.0	0.0	0.0	0.0	0.0	0.0	1.3862943611198906	1.0986122886681098	0.0	0.0
DSG3	8.61794309451638	8.578476419833136	9.102086786535928	7.402451520818244	7.432483807917119	7.635786861395585	8.434463543817241	8.270781013162674	8.369620826949102	9.384965722135666	9.085343881801498	7.492203042618741	8.619569258033104	8.09925056179696	8.328692583545568	7.633853559681768	8.816853240627426	8.274611946209552	0.0	0.0	0.0	0.0	0.0	0.0	0.6931471805599453	0.0	0.0	0.0	0.0	0.0	0.0	0.0	0.0	0.0	0.0	0.0	0.6931471805599453	0.0	0.0	0.0	0.0	0.0	0.0	0.0	4.31748811353631	4.8283137373023015	5.846438775057725	6.490723534502507	5.71042701737487	6.393590753950631	2.4849066497880004	0.0	0.0	0.0
KRT17	10.252523392677578	10.216106110277941	10.665437586530738	10.967818907227363	11.041352605125939	11.19833800020246	11.751595848717828	10.56196564556078	10.346023628853391	11.525308478015557	12.01031320342873	10.567077180853747	11.350430064607407	10.710476679519195	11.733128697781618	11.446539905774255	11.685524914865947	12.608683684655432	1.0986122886681098	0.6931471805599453	1.0986122886681098	1.3862943611198906	0.0	0.0	0.6931471805599453	1.6094379124341003	1.3862943611198906	1.0986122886681098	0.0	0.6931471805599453	0.0	1.0986122886681098	0.6931471805599453	0.0	0.6931471805599453	1.0986122886681098	0.0	0.0	0.6931471805599453	1.0986122886681098	0.0	2.70805020110221	1.9459101490553132	2.4849066497880004	7.822044008185619	8.649448770536708	9.220587688427733	9.568014816247999	8.90150275745161	9.604879339950793	4.382026634673881	7.709308333385869	0.0	0.0
SERPINB5	8.80492526261806	8.68169016329764	9.38151671766514	8.399984990510696	8.45638105201948	9.048174321385792	9.750627705891793	8.492695559815838	8.60135049942296	9.702105493003431	10.25885163767476	8.675392806089782	8.807022955925477	8.200837258379849	9.381179591661104	8.731013415269564	8.776938645174996	8.789203094473724	0.6931471805599453	0.0	0.0	0.6931471805599453	0.0	0.0	0.0	0.0	0.6931471805599453	0.0	0.0	0.0	0.0	0.0	0.0	0.6931471805599453	0.0	0.0	0.0	1.6094379124341003	1.0986122886681098	0.0	0.6931471805599453	0.0	0.6931471805599453	0.0	6.60934924316738	6.960347729101308	7.8551570058813445	7.617759576608505	6.97914527506881	7.503289630675082	0.0	3.044522437723423	0.0	0.0
EFS	4.418840607796598	4.624972813284271	4.919980925828125	4.189654742026425	4.330733340286331	4.143134726391533	4.795790545596741	4.418840607796598	4.143134726391533	5.337538079701318	4.919980925828125	3.367295829986474	4.127134385045092	3.4011973816621555	4.30406509320417	3.7376696182833684	4.454347296253507	4.804021044733257	0.0	0.0	0.0	0.0	0.0	0.0	0.0	0.0	0.0	0.0	0.0	0.0	0.0	0.0	0.0	0.0	0.0	0.0	0.0	0.0	0.0	0.0	0.0	0.0	0.0	0.0	0.0	0.0	0.0	0.0	0.0	0.0	5.429345628954441	4.912654885736052	0.0	0.0
LOC284412	0.0	0.0	0.0	0.0	0.0	0.0	0.0	0.0	0.0	0.0	0.0	0.0	0.0	0.0	0.0	0.0	0.0	0.0	0.0	0.0	0.0	0.0	0.0	0.0	0.0	0.0	0.0	0.0	0.0	0.0	0.0	0.0	0.0	0.0	0.0	0.0	0.0	0.0	0.0	0.0	0.0	0.0	0.0	0.0	0.0	0.0	0.0	0.0	0.0	0.0	2.5649493574615367	3.258096538021482	0.0	0.0
UGT1A10	0.0	0.0	0.0	0.0	0.0	0.0	0.0	0.6931471805599453	0.0	0.0	0.0	0.0	0.0	0.0	0.0	0.0	0.0	0.0	0.0	0.0	0.0	0.0	0.0	0.0	0.0	0.0	0.0	0.0	0.0	0.0	0.0	0.0	0.0	0.6931471805599453	0.0	0.0	0.0	0.0	0.0	0.0	0.0	0.0	0.0	0.0	5.572154032177765	5.983936280687191	7.05617528410041	6.073044534100405	5.356586274672012	6.0330862217988015	1.0986122886681098	0.0	0.0	0.0
MT1E	7.480428306074208	7.411556287811163	7.818027938530729	7.803026643632217	7.88570539124302	7.745002803515839	8.06777619577889	7.142036574706803	6.906754778648554	8.282988692742602	8.737292112544221	7.627544390488503	8.181720455128108	7.229113877793302	8.155936337972394	7.849323818040561	8.361941906144946	9.447307929883463	0.0	0.0	0.0	0.0	0.0	0.0	0.0	0.0	0.0	0.0	0.0	0.0	0.0	0.6931471805599453	0.0	0.0	0.0	0.0	0.0	0.0	0.0	0.0	0.0	0.0	0.0	0.0	0.0	1.0986122886681098	2.4849066497880004	0.6931471805599453	1.0986122886681098	1.9459101490553132	9.95807043030642	8.61558951327243	5.521460917862246	3.4965075614664802
C1QA	0.0	0.0	0.0	0.0	0.0	0.0	0.0	0.0	0.0	0.0	0.0	0.0	0.0	0.0	0.0	0.0	0.0	0.0	0.0	0.0	0.0	0.0	0.0	0.0	0.0	0.0	0.0	0.0	0.0	0.0	0.0	0.0	0.0	0.6931471805599453	0.0	0.0	0.0	0.0	0.0	0.0	0.0	0.0	0.0	0.6931471805599453	0.0	0.0	0.0	0.0	0.0	0.0	8.669227347271736	8.138272638530186	5.14166355650266	3.332204510175204
TACSTD2	9.789702763229508	9.878272303395065	10.122020491292654	8.831565879121063	8.934982049213234	8.773229786032473	9.396155818024393	9.830540444780063	9.666118293957936	10.577706723210554	9.669662152875057	8.235890725928495	8.75904072752422	8.197814032221203	9.314700387300425	8.868976189274543	9.07680897935166	9.502263438685219	0.0	0.0	0.0	0.0	0.0	0.0	0.0	0.0	0.0	0.0	0.0	0.0	0.0	0.0	0.0	0.0	0.0	0.0	0.6931471805599453	0.0	0.0	0.0	0.0	0.0	0.0	0.0	8.785998208098329	9.508591395777199	10.206439938023752	9.024492605405669	8.53168763756669	9.240966565517944	6.1092475827643655	9.11591979635669	4.74493212836325	1.0986122886681098
CDH13	7.358193752733032	7.129297548929373	7.51425465281641	6.300785794663244	6.206575926724928	6.326149473155099	6.925595197110468	7.030857476116121	7.063903961472068	8.088561805276234	8.172164452111904	6.736966958001855	6.953684210870537	6.2766434893416445	6.874198495453294	6.4457198193855785	7.129297548929373	6.870053411798126	0.0	0.0	0.0	0.0	0.0	0.0	0.0	0.0	0.6931471805599453	0.0	0.0	0.0	0.0	0.0	0.0	0.0	0.0	0.0	0.0	0.0	0.0	1.3862943611198906	0.6931471805599453	0.0	0.0	0.0	0.0	0.0	0.0	0.0	0.0	0.0	6.385194398997726	6.309918278226516	2.70805020110221	0.0
ECEL1P2	0.0	0.0	0.0	0.0	0.0	0.0	0.0	0.0	0.0	0.0	0.0	0.0	0.0	0.0	0.0	0.0	0.0	0.0	0.0	0.0	0.0	0.0	0.0	0.0	0.0	0.0	0.0	0.0	0.0	0.0	0.0	0.0	0.0	0.0	0.0	0.0	0.0	0.0	0.0	0.0	0.0	0.0	0.0	0.0	0.0	0.0	0.0	0.0	0.0	0.6931471805599453	3.5553480614894135	3.295836866004329	0.0	0.0
KRT13	7.4067107301776405	7.502186486602924	7.906915488678587	7.483806687665835	7.643003635560718	8.591186871324563	9.11173476822206	7.508787170634276	7.094234845924755	8.604104563405533	6.9782137426306985	5.420534999272286	8.22121009392507	7.482681828154651	8.414938957377482	7.792348924113037	7.989899374942939	8.754002933494261	0.0	0.0	0.0	0.0	0.0	0.0	0.0	0.0	0.6931471805599453	0.0	0.0	0.0	0.0	0.0	0.0	0.0	0.0	0.0	0.0	0.6931471805599453	1.3862943611198906	0.6931471805599453	0.0	1.0986122886681098	0.0	1.0986122886681098	7.976251943745623	8.734238184268579	9.377717481384314	8.516593011344206	7.7025561132685825	8.521782643750045	2.4849066497880004	3.58351893845611	0.0	0.0
SPRR3	6.63200177739563	6.439350371100098	7.036148493750536	7.104144092987527	7.306531398939505	7.987864096085687	8.591929537530255	6.525029657843462	6.437751649736401	7.7475968386928855	7.257002707092073	5.5093883366279774	7.767687277186908	6.99117688712121	8.228443883004033	7.608374474380783	7.999007213243955	8.726156679156613	0.0	0.0	0.0	0.0	0.0	0.0	0.0	0.0	0.0	0.0	0.0	0.0	0.0	0.0	0.0	0.0	0.0	0.0	0.0	0.0	0.0	0.0	0.0	0.0	0.0	0.0	3.828641396489095	4.700480365792417	5.4116460518550396	4.6913478822291435	3.784189633918261	4.852030263919617	0.0	0.0	0.0	0.0
TMPRSS11D	5.814130531825066	5.703782474656201	6.504288173536645	5.365976015021851	5.480638923341991	5.176149732573829	5.805134968916488	5.872117789475416	5.916202062607435	6.994849985833071	6.841615476477592	5.342334251964811	5.69035945432406	5.14166355650266	5.929589143389895	5.135798437050262	6.054439346269371	6.19644412779452	0.0	0.0	0.0	0.0	0.0	0.0	0.6931471805599453	0.0	0.0	0.0	0.0	0.0	0.0	0.0	0.0	0.0	0.0	0.0	0.0	0.0	0.0	0.0	0.0	0.0	0.0	0.0	0.0	0.0	0.0	0.0	0.0	0.0	0.0	1.791759469228055	0.0	0.0
GIMAP7	0.0	0.0	0.0	0.0	0.0	0.0	0.0	0.0	0.0	0.0	0.0	0.0	0.0	0.0	0.0	0.0	0.0	0.0	0.0	0.0	0.0	0.0	0.0	0.0	0.0	0.0	0.0	0.0	0.0	0.0	0.0	0.0	0.0	0.0	0.0	0.6931471805599453	0.0	0.0	0.0	0.0	0.0	0.0	0.0	0.0	0.0	0.0	0.0	0.0	0.0	0.0	6.697034247666484	6.612041034833092	1.3862943611198906	0.0
KLK6	7.142827401161621	7.164720378771857	7.475905969367397	6.570882962339584	6.742880635791903	6.259581464064923	7.0587581525186645	7.055312843339752	6.897704943128636	8.260751354700513	7.374629015218945	5.638354669333745	6.361302477572996	5.673323267171493	7.093404625868766	6.590301048196686	6.513230110912307	7.02197642307216	0.6931471805599453	0.0	0.0	0.0	0.0	0.0	0.0	0.0	0.6931471805599453	0.6931471805599453	0.0	0.0	0.0	0.0	0.0	0.0	1.6094379124341003	0.0	0.6931471805599453	0.0	0.0	0.0	0.0	0.0	0.0	1.6094379124341003	7.820037989458753	8.474911799159631	9.229162126216771	8.118505067587098	7.503840746698951	8.267448958304849	0.0	0.0	0.0	0.0
VGLL1	4.700480365792417	4.709530201312334	5.25227342804663	4.499809670330265	4.454347296253507	4.465908118654584	5.0689042022202315	4.564348191467836	4.5217885770490405	5.8916442118257715	4.90527477843843	2.995732273553991	4.23410650459726	3.9512437185814275	4.624972813284271	4.02535169073515	4.127134385045092	4.867534450455582	0.0	0.0	0.0	0.0	0.0	0.0	0.0	0.0	0.0	0.0	0.0	0.0	0.0	0.0	0.0	0.0	0.0	0.0	0.0	0.0	0.0	0.0	0.0	0.0	0.0	0.0	6.324358962381311	6.9782137426306985	7.759187438507795	6.831953565565855	6.1903154058531475	6.8679744089702925	2.833213344056216	3.8066624897703196	0.0	0.0
RETN	0.0	0.0	0.0	0.0	0.0	0.0	0.0	0.0	0.0	0.0	0.0	0.0	0.0	0.0	0.0	0.0	0.0	0.0	0.0	0.0	0.0	0.0	0.6931471805599453	0.0	0.0	0.0	0.0	0.0	0.0	0.0	0.0	0.0	0.0	0.0	0.0	0.0	0.0	0.0	0.0	0.0	0.0	0.0	0.0	0.0	0.0	0.0	0.0	0.0	0.0	0.0	5.723585101952381	5.560681631015528	2.1972245773362196	1.0986122886681098
PRAME	0.0	0.0	0.0	0.0	0.0	0.0	0.0	0.6931471805599453	0.0	0.0	0.0	0.0	0.0	0.0	0.6931471805599453	0.0	0.0	0.0	8.035602692918582	7.462214939768189	7.278628942320682	8.643825842349603	8.535622326884605	6.532334292222349	7.15305163493748	8.34972083747249	8.269756947532983	8.150179269682326	6.180016653652572	6.824373670043086	7.368970402194793	8.484049972822984	8.332067707289548	8.044305406990638	7.898039690764619	8.08794755464267	8.672828482947686	6.984716320118266	6.013715156042802	7.679713639966372	7.149916836132109	7.706612913964197	7.5251007461258	7.699389406256737	4.189654742026425	4.454347296253507	5.318119993844216	4.927253685157205	4.290459441148391	4.997212273764115	0.0	0.6931471805599453	1.0986122886681098	0.0
ZNF366	0.0	0.0	0.0	0.0	0.0	0.6931471805599453	0.0	0.0	0.0	0.0	0.0	0.0	0.0	0.0	0.0	0.0	0.0	0.0	0.0	0.0	0.0	0.0	0.0	0.0	0.0	0.0	0.0	0.0	0.0	0.0	0.0	0.0	0.0	0.0	0.0	0.0	0.0	0.0	0.0	0.0	0.0	0.0	0.0	0.0	0.0	0.0	0.0	0.0	0.0	0.0	3.9318256327243257	4.477336814478207	0.0	0.0
C1QC	0.0	0.0	0.0	0.0	0.0	0.0	0.0	0.0	0.0	0.0	0.0	0.0	0.0	0.0	0.0	0.0	0.0	0.0	0.0	0.0	0.0	0.0	0.0	0.0	0.0	0.0	0.0	0.0	0.0	0.0	0.0	0.0	0.0	0.0	0.0	0.0	0.0	0.0	0.0	0.6931471805599453	0.0	0.0	0.0	0.0	0.0	0.0	0.0	0.0	0.0	0.0	7.1891677384203225	7.123672785204607	6.073044534100405	4.007333185232471
ELAVL4	0.0	0.0	0.0	0.0	0.0	0.0	0.0	0.0	0.0	0.0	0.0	0.0	0.0	0.0	0.0	0.0	0.0	0.0	0.0	0.0	0.0	0.0	0.0	0.0	0.0	0.0	0.0	0.0	0.0	0.0	0.0	0.0	0.0	0.0	0.0	0.0	0.0	0.0	0.0	0.0	0.0	0.0	0.0	0.0	0.0	0.0	0.0	0.0	0.0	0.0	2.0794415416798357	1.6094379124341003	0.0	0.0
SIRPD	0.0	0.0	0.0	0.0	0.0	0.0	0.0	0.0	0.0	0.0	0.0	0.0	0.0	0.0	0.0	0.0	0.0	0.0	0.0	0.0	0.0	0.0	0.0	0.0	0.0	0.0	0.0	0.0	0.0	0.0	0.0	0.0	0.0	0.0	0.0	0.0	0.0	0.0	0.0	0.0	0.0	0.0	0.0	0.0	0.0	0.0	0.0	0.0	0.0	0.0	1.791759469228055	1.3862943611198906	0.0	0.0
PKP1	8.65032450401942	8.57810012631976	9.036701015565063	8.099554282376364	8.065893546964274	8.022568946988255	8.71948076085107	8.4252971767117	8.375860015299594	9.499945593989812	9.49521851709523	8.03689677268507	8.4368504387337	7.834788107388194	8.570165076182343	8.078998258685154	8.661120360222881	8.768263145371286	0.0	0.0	0.0	1.0986122886681098	0.0	0.0	0.0	0.0	0.6931471805599453	0.6931471805599453	0.0	0.0	0.0	0.0	0.0	0.0	1.0986122886681098	1.6094379124341003	1.6094379124341003	0.0	0.6931471805599453	0.0	0.0	0.6931471805599453	1.0986122886681098	0.0	1.0986122886681098	1.6094379124341003	1.3862943611198906	3.5553480614894135	2.833213344056216	2.772588722239781	4.51085950651685	6.646390514847729	1.0986122886681098	0.0
CACNG6	0.0	0.0	0.0	0.0	0.0	0.0	0.0	0.0	0.0	0.0	0.0	0.0	0.0	0.0	0.0	0.0	0.0	0.0	6.548219102762372	6.0112671744041615	5.840641657373398	5.723585101952381	5.6240175061873385	4.762173934797756	5.327876168789581	6.483107351457199	6.501289670540389	6.343880434126331	4.882801922586371	5.135798437050262	5.572154032177765	6.7650389767805414	6.688354713946762	6.309918278226516	6.98100574072173	6.810142450115136	7.4318919168078	3.5263605246161616	3.8501476017100584	4.919980925828125	4.454347296253507	5.802118375377063	5.921578419643816	5.420534999272286	7.253470382684528	8.12415060330663	8.715224041915372	8.419800845407588	7.886081401775745	8.59378379357795	1.791759469228055	2.1972245773362196	1.9459101490553132	0.0
PDPN	6.97914527506881	6.848005274576363	7.388946097618437	6.336825731146441	6.284134161070802	6.26530121273771	6.866933284461882	7.010311867307229	7.059617628291383	8.11701408773731	7.994632311431825	6.480044561926653	6.47543271670409	5.805134968916488	7.051855622955894	6.740519359606223	6.910750787961936	7.399398083331354	0.0	0.0	0.0	0.0	0.0	0.0	0.0	0.0	0.6931471805599453	0.0	0.0	0.0	0.0	0.0	0.0	0.0	0.6931471805599453	0.0	0.0	0.0	0.0	1.0986122886681098	0.0	0.0	0.0	0.6931471805599453	0.0	0.0	0.0	0.0	0.0	0.0	6.759255270663693	8.148734808937169	4.653960350157523	2.3978952727983707
KLK5	6.352629396319567	6.364750756851911	6.844815479208263	6.324358962381311	6.598509028614515	6.411818267709897	7.095893221097532	6.405228458030842	6.234410725718371	7.801800401908973	6.456769655572163	4.804021044733257	5.993961427306569	5.43372200355424	7.078341579557671	6.582025138892826	6.284134161070802	7.189922170745808	0.0	0.0	0.0	0.0	0.0	0.0	0.0	0.6931471805599453	0.0	0.0	0.0	0.0	0.0	0.0	0.6931471805599453	0.0	0.0	0.6931471805599453	0.0	0.0	0.0	0.0	0.0	0.0	0.0	0.0	1.3862943611198906	2.0794415416798357	2.6390573296152584	1.0986122886681098	0.0	1.0986122886681098	1.6094379124341003	0.0	0.0	0.0
NDN	5.153291594497779	5.241747015059643	5.6131281063880705	5.3230099791384085	5.488937726156687	5.564520407322694	6.161207321695077	5.111987788356544	4.912654885736052	6.148468295917647	6.78332520060396	5.247024072160486	5.6937321388027	4.8283137373023015	5.924255797414532	5.605802066295998	5.575949103146316	6.234410725718371	0.0	0.0	0.0	0.0	0.0	0.0	0.0	0.0	0.0	0.0	0.0	0.0	0.0	0.0	0.0	0.0	0.0	0.0	1.0986122886681098	0.0	0.0	0.0	0.0	0.0	0.0	0.0	0.0	0.0	0.0	0.0	0.0	0.0	6.7912214627261855	5.472270673671475	1.3862943611198906	0.0
PZP	0.0	0.0	0.0	0.0	0.0	0.0	0.0	0.0	0.0	0.0	0.0	0.0	0.6931471805599453	0.0	0.0	0.0	0.0	0.0	0.0	0.0	0.0	0.0	0.0	0.0	0.0	0.0	0.0	0.0	0.0	0.0	0.0	0.0	0.0	0.0	0.0	0.0	0.0	0.0	0.0	0.0	0.0	0.0	0.0	0.0	0.0	0.0	0.0	0.0	0.0	0.0	3.367295829986474	3.713572066704308	0.0	0.0
SLC6A11	4.343805421853684	4.189654742026425	4.672828834461906	4.477336814478207	4.553876891600541	4.6443908991413725	5.484796933490655	4.2626798770413155	4.23410650459726	5.308267697401205	6.023447592961033	4.663439094112067	5.4680601411351315	4.718498871295094	5.298317366548036	4.867534450455582	5.652489180268651	5.420534999272286	0.0	0.0	0.0	0.0	0.0	0.0	0.0	0.0	0.6931471805599453	0.0	0.0	0.0	0.0	0.0	0.0	0.0	0.6931471805599453	0.0	0.6931471805599453	0.0	0.0	0.6931471805599453	0.0	0.0	0.0	0.0	0.0	0.0	0.0	0.0	0.0	0.0	0.0	0.6931471805599453	0.0	0.0
TYROBP	0.0	0.0	0.0	0.0	0.0	0.0	0.0	0.0	0.0	0.0	0.0	0.0	0.0	0.0	0.0	0.0	0.0	0.0	0.0	0.0	0.0	0.0	0.0	0.0	0.0	0.0	0.0	0.6931471805599453	0.0	0.0	0.0	0.0	0.0	0.0	0.0	0.0	0.0	0.0	0.0	0.0	0.0	0.0	0.0	0.0	0.0	0.0	0.0	0.0	0.0	0.0	8.145259566516865	8.033009498596668	7.743269700829004	5.262690188904886
FCGR3A	0.0	0.0	0.0	0.0	0.0	0.0	0.0	0.0	0.0	0.0	0.0	0.0	0.0	0.0	0.0	0.0	0.0	0.0	0.0	0.0	0.0	0.0	0.0	0.0	0.0	0.0	0.0	0.0	0.0	0.0	0.0	0.0	0.0	0.0	0.0	0.0	0.0	0.0	0.0	0.0	0.0	0.0	0.0	0.0	0.0	0.0	0.0	0.0	0.0	0.0	6.866933284461882	7.10002716662926	4.9344739331306915	2.8903717578961645
C1QB	0.0	0.0	0.0	0.0	0.0	0.0	0.0	0.0	0.0	0.0	0.0	0.0	0.0	0.0	0.0	0.6931471805599453	0.0	0.0	0.0	0.0	0.0	0.0	0.0	0.0	0.0	0.0	0.0	0.0	0.0	0.0	0.0	0.0	0.0	0.0	0.0	0.0	0.0	0.0	0.0	0.0	0.0	1.0986122886681098	0.0	0.0	0.0	0.0	0.0	0.0	0.0	0.0	8.347590407030058	8.180320874773685	6.222576268071369	4.23410650459726
SPRR1B	7.27655640271871	7.473069088032197	8.019612794400267	8.327967858305488	8.471777327885755	8.290292591224315	8.803874763534434	7.932721027481948	7.427144133408616	8.785845337961213	8.921991410536698	7.329093736246592	8.60061479955531	7.659642954564682	8.643473357326567	8.070593539949519	8.647168267837984	9.536401457297078	0.0	0.0	0.0	0.0	0.0	0.0	0.0	0.0	0.0	0.0	0.0	0.0	0.0	0.0	0.0	0.0	0.0	0.0	0.0	0.0	0.0	0.0	0.0	0.0	0.0	0.0	0.0	1.791759469228055	2.3978952727983707	2.4849066497880004	1.6094379124341003	2.6390573296152584	0.0	2.302585092994046	1.791759469228055	0.0
PRSS33	0.0	0.0	0.0	0.0	0.0	0.0	0.0	0.0	0.0	0.0	0.0	0.0	0.0	0.0	0.0	0.0	0.0	0.0	0.0	0.0	0.0	0.0	0.0	0.0	0.0	0.0	0.0	0.0	0.0	0.0	0.0	0.6931471805599453	0.0	0.0	0.0	0.0	0.0	0.0	0.0	0.0	0.0	0.0	0.0	0.0	4.02535169073515	4.51085950651685	5.247024072160486	4.442651256490317	4.007333185232471	4.454347296253507	0.0	1.0986122886681098	0.0	0.0
GZMH	0.0	0.0	0.0	0.0	0.0	0.0	0.0	0.0	0.0	0.0	0.0	0.0	0.0	0.0	0.0	0.0	0.0	0.0	0.0	0.0	0.0	0.0	0.0	0.0	0.0	0.0	0.0	0.0	0.0	0.0	0.0	0.0	0.0	0.0	0.0	0.0	0.0	0.0	0.0	0.0	0.0	0.0	0.0	0.0	0.0	0.0	0.0	0.0	0.0	0.0	5.10594547390058	6.111467339502679	0.0	1.0986122886681098
ALOX15B	6.846943139585379	6.905753276311464	7.217443431696533	5.655991810819852	5.58724865840025	6.0112671744041615	6.492239835020471	7.180069874302796	7.044905117129371	8.228443883004033	6.51471269087253	4.948759890378168	5.937536205082426	5.1647859739235145	6.535241271013659	6.089044875446846	6.336825731146441	6.956545443151569	0.0	0.0	0.0	1.0986122886681098	0.0	0.0	0.0	0.6931471805599453	0.6931471805599453	0.6931471805599453	0.0	1.0986122886681098	0.6931471805599453	0.0	0.6931471805599453	0.0	0.0	0.0	0.0	0.0	0.0	0.0	0.0	1.0986122886681098	0.6931471805599453	0.0	0.0	0.0	0.0	0.0	0.0	0.0	5.455321115357702	5.37989735354046	1.0986122886681098	1.0986122886681098
GLP1R	0.0	0.0	0.0	0.0	0.0	0.0	0.0	0.0	0.0	0.0	0.0	0.0	0.0	0.0	0.0	0.0	0.0	0.0	0.0	0.0	0.0	0.0	0.0	0.0	0.0	0.0	0.0	0.0	0.0	0.0	0.0	0.0	0.0	0.0	0.0	0.0	0.0	0.0	0.0	0.0	0.0	0.0	0.0	0.0	4.060443010546419	4.8283137373023015	5.942799375126701	4.127134385045092	3.6375861597263857	4.290459441148391	0.0	0.0	0.0	0.0
GBP6	7.4127640174265625	7.3427791893318455	7.8083230503910555	5.910796644040527	5.8664680569332965	6.324358962381311	7.009408932708637	6.906754778648554	7.0192966537150445	8.168202930236053	7.166265974133638	5.673323267171493	6.375024819828097	5.805134968916488	7.170119543449628	6.498282149476434	7.084226422097916	6.818924065275521	0.0	0.0	0.0	0.0	0.0	0.0	0.0	0.0	0.0	0.0	0.0	0.0	0.0	0.0	0.0	0.0	0.0	0.0	0.0	0.0	0.0	0.0	0.0	0.0	0.0	0.0	0.0	1.6094379124341003	2.6390573296152584	3.091042453358316	2.772588722239781	2.9444389791664403	2.1972245773362196	2.0794415416798357	0.0	0.0
NR0B1	0.0	0.0	1.3862943611198906	0.0	0.0	0.6931471805599453	0.6931471805599453	0.6931471805599453	0.6931471805599453	1.791759469228055	0.0	0.0	0.0	0.0	0.0	0.0	0.6931471805599453	0.0	6.7464121285733745	6.129050210060545	5.934894195619588	7.303843225277705	6.899723107284872	5.713732805509369	6.501289670540389	6.373319789577012	6.182084906716632	6.12029741895095	5.564520407322694	5.293304824724492	5.700443573390687	6.642486801367256	6.587550014824796	6.300785794663244	5.707110264748875	5.605802066295998	6.376726947898627	5.7430031878094825	4.605170185988092	5.1647859739235145	4.962844630259907	5.278114659230517	5.225746673713202	5.3471075307174685	0.0	0.0	0.0	0.0	0.0	0.0	0.0	0.0	0.0	0.0
PRMT6	4.762173934797756	4.543294782270004	5.2832037287379885	4.6443908991413725	4.74493212836325	4.836281906951478	5.627621113690637	4.718498871295094	4.356708826689592	5.521460917862246	5.993961427306569	4.770684624465665	4.532599493153256	3.871201010907891	5.1647859739235145	4.574710978503383	4.418840607796598	4.290459441148391	0.0	0.0	0.0	0.0	0.0	0.0	0.0	0.0	0.0	0.0	0.0	0.0	0.0	0.0	0.0	0.0	0.0	0.0	0.0	0.0	0.0	0.0	0.0	0.0	0.0	0.0	5.0106352940962555	5.3230099791384085	6.501289670540389	5.407171771460119	4.61512051684126	5.501258210544727	5.0369526024136295	5.043425116919247	0.0	0.6931471805599453
FCRL5	0.0	0.0	0.0	0.0	0.0	0.0	0.0	0.0	0.0	0.0	0.0	0.0	0.0	0.0	0.0	0.0	0.0	0.0	0.0	0.0	0.0	0.0	0.0	0.0	0.0	0.0	0.0	0.0	0.0	0.0	0.0	0.0	0.0	0.0	0.0	0.0	0.0	0.0	0.0	0.0	0.0	0.0	0.0	0.0	0.0	0.0	0.0	0.0	0.0	0.0	4.007333185232471	3.044522437723423	0.0	0.0
PLVAP	0.0	0.0	0.0	0.0	0.0	0.0	0.0	0.0	0.0	0.0	0.0	0.0	0.0	0.0	0.0	0.0	1.3862943611198906	0.6931471805599453	0.0	0.0	0.0	0.0	0.0	0.0	0.0	0.0	0.0	0.0	0.0	0.0	0.0	0.0	0.0	0.0	0.6931471805599453	0.0	0.0	0.0	0.0	0.0	0.0	0.6931471805599453	0.0	0.0	0.0	0.0	0.0	0.0	0.0	0.0	8.153349757998892	7.410347097821024	2.3978952727983707	2.0794415416798357
IGLL5	0.0	0.0	0.0	0.0	0.0	0.0	0.0	0.0	0.0	0.0	0.0	0.0	0.0	0.0	0.0	0.0	0.0	0.0	0.0	0.0	0.0	0.0	0.0	0.0	0.0	0.0	0.0	0.0	0.0	0.0	0.0	0.0	0.0	0.0	0.0	0.0	0.0	0.0	0.0	0.0	0.0	0.0	0.0	0.0	0.0	0.0	0.0	0.0	0.0	0.0	9.728717411895008	7.612336837167746	6.490723534502507	4.700480365792417
SCML4	0.0	0.0	0.0	0.0	0.0	0.0	0.0	0.0	0.0	0.0	0.0	0.0	0.0	0.0	0.0	0.0	0.0	0.0	0.0	0.0	0.0	0.0	0.0	0.0	0.0	0.0	0.0	0.0	0.0	0.0	0.0	0.0	0.0	0.0	0.0	0.0	0.0	0.0	0.0	0.0	0.0	0.0	0.0	0.0	0.0	0.0	0.0	0.0	0.0	0.0	3.4965075614664802	4.605170185988092	0.0	0.0
TESPA1	0.0	0.0	0.0	0.0	0.0	0.0	0.0	0.0	0.0	0.0	0.0	0.0	0.0	0.0	0.0	0.0	0.0	0.0	0.0	0.0	0.0	0.0	0.0	0.0	0.0	0.0	0.0	0.0	0.0	0.0	0.0	0.0	0.0	0.0	0.0	0.0	0.0	0.0	0.0	0.0	0.0	0.0	0.0	0.0	0.0	0.0	0.0	0.0	0.0	0.0	4.1588830833596715	5.480638923341991	0.0	0.0
CBLC	5.5254529391317835	5.598421958998375	5.996452088619021	5.707110264748875	5.749392985908253	6.052089168924417	6.595780513961311	5.945420608606575	5.480638923341991	6.779921907472252	7.2485040723706105	5.768320995793772	5.552959584921617	4.812184355372417	6.317164686747284	5.926926025970411	5.7899601708972535	6.61338421837956	0.0	0.0	0.0	0.0	0.6931471805599453	0.0	0.0	0.0	0.0	0.0	0.0	0.0	0.0	0.0	0.0	0.0	0.0	0.0	0.0	0.0	0.0	0.0	0.0	0.0	0.0	0.0	5.662960480135946	6.440946540632921	7.140453043101158	6.726233402358747	6.20455776256869	6.90975328164481	2.4849066497880004	4.672828834461906	0.0	0.0
CDKN2A	6.981934677156389	6.843749949006225	7.226936018493289	5.575949103146316	5.594711379601839	6.131226489483141	6.61472560020376	6.727431724850855	6.694562058521095	7.945555428253489	7.158513997329321	5.5134287461649825	6.159095388491933	5.10594547390058	6.453624998892692	6.309918278226516	6.3818160174060985	7.2115567333138015	0.0	0.0	0.0	0.0	0.0	0.0	0.0	0.0	0.0	0.0	0.0	0.0	0.0	0.0	0.0	0.0	0.0	0.0	0.6931471805599453	0.0	0.0	0.0	0.0	0.0	0.0	0.0	7.718685495198466	8.590815331286851	9.21283725217477	7.696212639346407	7.145196134997171	8.069029328774958	4.68213122712422	5.616771097666572	3.1354942159291497	0.6931471805599453
GRHL2	6.63200177739563	6.501289670540389	7.1284959456800365	5.8522024797744745	5.7899601708972535	5.666426688112432	6.444131256700441	6.495265555937008	6.398594934535208	7.523481312573497	7.21081845347222	5.616771097666572	5.796057750765372	5.298317366548036	5.968707559985366	5.4680601411351315	5.752572638825633	5.666426688112432	0.0	0.6931471805599453	0.0	1.6094379124341003	1.0986122886681098	0.0	0.0	0.0	0.6931471805599453	0.0	0.0	0.0	0.0	0.0	0.0	0.0	0.0	0.0	0.0	0.0	0.0	0.0	0.0	0.0	0.0	0.0	6.380122536899765	6.893656354602635	7.8547691834991324	7.522400231387125	6.836259277277067	7.463363045520021	4.174387269895637	5.375278407684165	0.0	0.0
IL1RN	8.645234541297121	8.530109416682784	8.890823576004383	7.593877844605118	7.698029170272805	8.054204897064407	8.688790784847216	8.600246746551523	8.621192781434722	9.847869128773116	8.917712757131387	7.29776828253138	7.836369760545124	7.241366283322318	8.88751459738882	8.389359819906353	8.851233902846035	9.380926672551716	0.6931471805599453	0.0	0.0	1.0986122886681098	0.0	0.0	0.0	0.0	0.0	0.0	0.0	0.0	0.0	0.6931471805599453	0.6931471805599453	1.0986122886681098	0.6931471805599453	0.0	0.0	1.0986122886681098	0.0	0.0	0.0	1.3862943611198906	1.6094379124341003	1.0986122886681098	5.752572638825633	6.16541785423142	7.055312843339752	6.849066282633458	6.013715156042802	6.8966943316227125	6.785587645007929	9.265869681768663	9.362374527831681	6.760414691083428
SERPINB2	7.772331575169614	7.720905251936779	8.211211361793023	7.906178840394815	8.09712193091871	8.074337694089515	9.040026434306505	8.012680929706839	8.005700678662542	9.430359045942868	9.101752431559284	7.4133673356952405	8.377241230988792	8.20303024171486	8.968141414126814	8.1797604936999	9.30027247947679	9.216521231051264	0.0	0.0	0.0	0.0	0.0	0.0	0.0	0.0	0.0	0.0	0.0	0.0	0.0	0.0	0.0	0.0	0.6931471805599453	0.6931471805599453	0.6931471805599453	0.0	0.0	0.6931471805599453	0.0	0.0	0.0	0.0	6.139884552226255	6.597145701886651	7.590346945602565	8.700847193443972	7.709308333385869	8.42463920980563	5.093750200806762	9.344346651823917	2.302585092994046	1.0986122886681098
NMUR2	0.0	0.0	0.0	0.0	0.0	0.0	0.0	0.0	0.0	0.0	0.0	0.0	0.0	0.0	0.0	0.0	0.0	0.0	0.6931471805599453	0.0	0.0	1.6094379124341003	1.0986122886681098	0.0	0.0	0.6931471805599453	0.6931471805599453	1.0986122886681098	0.0	0.0	0.0	0.0	0.0	0.6931471805599453	0.6931471805599453	0.6931471805599453	0.0	0.0	0.0	0.6931471805599453	0.0	0.0	0.6931471805599453	0.6931471805599453	7.493873886783559	8.03398273468322	8.90910013492555	8.67812085552252	7.949797216161852	8.63497622707262	2.4849066497880004	1.3862943611198906	0.0	0.0
KRT6B	7.013915474810528	6.990256500493881	7.614312146452	8.646816959209742	8.707978826622321	8.657824321155983	9.393245092030718	8.116118431609365	7.907283609426348	9.141954459109717	9.644133752071205	8.293299358711323	9.111403624116159	8.619569258033104	9.794453631511994	9.351405812254786	9.8853744971092	10.456165040324679	0.6931471805599453	0.0	0.0	0.0	1.3862943611198906	0.0	0.0	0.6931471805599453	0.0	0.6931471805599453	0.0	0.6931471805599453	0.0	1.3862943611198906	1.6094379124341003	0.0	0.0	0.0	1.0986122886681098	0.0	0.6931471805599453	0.6931471805599453	0.0	0.0	1.0986122886681098	0.6931471805599453	3.7612001156935624	4.919980925828125	5.814130531825066	6.455198563340122	5.700443573390687	6.464588303689961	0.0	0.0	0.0	0.0
PENK	0.0	0.0	0.0	0.0	0.0	0.0	0.0	0.0	0.0	0.0	0.0	0.0	0.0	0.0	0.0	0.0	0.0	0.0	0.0	0.0	0.0	0.0	0.0	0.0	0.0	0.0	0.0	0.0	0.0	0.0	0.0	0.0	0.0	0.0	0.0	0.0	0.0	0.0	0.0	0.0	0.0	0.0	0.6931471805599453	0.0	0.0	0.0	0.0	0.0	0.0	0.0	2.833213344056216	3.044522437723423	0.0	0.0
MFAP2	6.779921907472252	6.771935555839602	7.005789019253503	5.808142489980444	5.860786223465865	5.840641657373398	6.359573868672378	6.811244378601294	6.678342114654332	7.763446388727362	7.282761179605593	5.768320995793772	5.214935757608986	4.605170185988092	6.4457198193855785	6.0112671744041615	5.517452896464707	6.3784261836515865	0.0	0.6931471805599453	0.0	0.0	0.0	0.0	0.0	0.0	0.0	0.0	0.0	0.0	0.0	0.0	0.0	0.0	0.0	0.0	0.6931471805599453	1.0986122886681098	0.0	0.0	0.0	0.0	0.0	0.0	1.791759469228055	1.9459101490553132	2.6390573296152584	1.791759469228055	1.3862943611198906	1.9459101490553132	4.820281565605037	4.204692619390966	0.0	0.0
KRTAP1-1	0.0	0.0	0.0	0.0	0.0	0.0	0.6931471805599453	0.0	0.0	0.0	0.0	0.0	0.0	0.0	0.0	0.0	0.0	1.0986122886681098	0.0	0.0	0.0	0.0	0.0	0.0	0.0	0.0	0.0	0.0	0.0	0.0	0.0	0.0	0.0	0.0	0.0	0.0	0.0	0.0	0.0	0.0	0.0	0.0	0.0	0.0	4.0943445622221	4.962844630259907	5.703782474656201	6.129050210060545	5.209486152841421	6.129050210060545	0.0	0.0	0.0	0.0
MACC1	7.045776576879511	7.124478262493424	7.674617497364363	5.472270673671475	5.564520407322694	5.8377304471659395	6.721425700790643	6.961296045910167	7.010311867307229	8.147867129923947	6.799055862058796	5.10594547390058	6.061456918928017	5.805134968916488	6.091309882077698	5.1298987149230735	6.161207321695077	6.173786103901937	0.0	0.0	0.0	0.0	0.0	0.0	0.0	0.6931471805599453	0.6931471805599453	0.0	0.0	0.0	0.6931471805599453	0.0	0.0	0.0	0.0	0.0	0.6931471805599453	0.0	0.0	0.0	0.0	0.0	0.0	0.0	7.136483208590247	7.312553498102598	8.436416881388949	8.661812881026181	8.087025470667701	8.551208070003515	4.727387818712341	6.900730664045173	0.0	0.0
COL17A1	10.623763400484325	10.583549493547418	11.072325286093735	9.501217335324483	9.444226019822295	9.496646498248033	10.169652278400532	10.527204265878074	10.507147566594536	11.520526503743048	11.1497436831168	9.733647773244229	9.793672686528922	9.128262260940575	10.153779235769349	9.79740455372797	10.095099156237175	9.957975737820197	3.4657359027997265	2.6390573296152584	1.6094379124341003	3.2188758248682006	2.772588722239781	1.6094379124341003	2.8903717578961645	2.5649493574615367	2.0794415416798357	2.3978952727983707	1.0986122886681098	2.1972245773362196	2.0794415416798357	3.2188758248682006	3.258096538021482	3.1780538303479458	2.70805020110221	2.833213344056216	3.295836866004329	2.5649493574615367	1.3862943611198906	2.70805020110221	1.6094379124341003	3.58351893845611	3.9512437185814275	3.7376696182833684	3.091042453358316	3.295836866004329	4.68213122712422	3.8501476017100584	2.9444389791664403	3.6888794541139363	3.6375861597263857	3.6375861597263857	0.0	0.0
C16orf54	0.0	0.0	0.0	0.0	0.0	0.0	0.0	0.6931471805599453	0.0	0.0	0.0	0.0	0.0	0.0	0.0	0.0	0.0	0.0	0.0	0.0	0.0	0.6931471805599453	0.0	0.0	0.0	0.0	0.0	0.0	0.0	0.0	0.0	0.0	0.0	0.0	0.0	0.0	0.0	0.0	0.0	0.0	0.0	0.0	0.0	0.0	0.0	0.0	0.0	0.0	0.0	0.0	4.330733340286331	4.624972813284271	0.0	0.0
KHDRBS2	0.0	0.0	0.0	0.0	0.0	0.0	0.0	0.0	0.0	0.0	0.0	0.0	0.0	0.0	0.0	0.0	0.0	0.0	0.0	0.0	0.0	0.0	0.0	0.0	0.0	0.0	0.0	0.0	0.0	0.0	0.0	0.0	0.0	0.0	0.0	0.0	0.0	0.0	0.0	0.6931471805599453	0.0	0.0	0.0	0.0	0.6931471805599453	0.0	0.0	0.0	0.0	0.0	4.23410650459726	5.017279836814924	0.0	0.0
GIMAP1	0.0	0.0	0.0	0.0	0.0	0.0	0.0	0.0	0.0	0.0	0.0	0.0	0.0	0.0	0.0	0.0	0.0	0.0	0.0	0.0	0.0	0.0	0.0	0.0	0.0	0.0	0.0	0.0	0.0	0.0	0.0	0.0	0.0	0.0	0.0	0.0	0.0	0.0	0.0	0.0	0.0	0.0	0.0	0.0	0.0	0.0	0.0	0.0	0.0	0.0	6.835184586147301	6.267200548541362	1.791759469228055	0.0
TMEM125	4.343805421853684	4.31748811353631	4.2626798770413155	3.295836866004329	2.995732273553991	3.6109179126442243	4.189654742026425	3.9889840465642745	3.9318256327243257	5.19295685089021	3.5263605246161616	2.70805020110221	2.8903717578961645	2.3978952727983707	3.8501476017100584	3.4339872044851463	3.258096538021482	3.970291913552122	0.0	0.0	0.0	0.6931471805599453	0.0	0.0	0.0	0.0	0.0	0.0	0.0	0.0	0.0	0.0	0.0	0.0	0.0	0.0	0.0	0.0	0.0	0.0	0.0	0.0	0.0	0.0	4.882801922586371	5.560681631015528	6.429719478039138	5.752572638825633	5.099866427824199	5.905361848054571	6.20455776256869	6.212606095751519	0.0	0.0
TPSAB1	0.0	0.0	0.0	0.0	0.0	0.0	0.0	0.0	0.0	0.0	0.0	0.0	0.0	0.0	0.0	0.0	0.0	0.0	0.0	0.6931471805599453	0.0	0.0	0.0	0.0	0.0	0.0	0.0	0.0	0.0	0.0	0.0	0.0	0.0	0.0	0.0	0.0	0.0	0.0	0.0	0.0	0.0	0.0	0.0	0.0	0.0	0.0	0.0	0.0	0.0	0.0	7.103322062526113	8.24564690087386	5.44673737166631	3.4339872044851463
CDKN2B	7.207118856207756	7.356918242356021	7.86172707782398	5.808142489980444	5.8289456176102075	6.139884552226255	6.834108738813838	7.237778191923443	7.226209010100671	8.245909264774093	7.43543801981455	5.7430031878094825	6.270988431858299	5.680172609017068	6.795705775173514	6.159095388491933	7.075808863978387	7.1693500166706	0.0	0.0	0.0	0.0	0.0	0.0	0.0	0.0	0.0	0.0	0.0	0.0	0.0	0.0	0.0	0.0	0.0	0.0	0.0	0.0	0.0	0.0	0.0	0.0	0.0	0.0	5.493061443340548	5.82600010738045	6.951772164398911	6.966024187106113	6.481577129276431	6.9726062513017535	6.028278520230698	7.1276936993473985	4.02535169073515	1.3862943611198906
RIPK3	5.0106352940962555	4.941642422609304	5.4638318050256105	4.499809670330265	4.532599493153256	4.983606621708336	5.58724865840025	5.10594547390058	5.225746673713202	6.22455842927536	6.073044534100405	4.653960350157523	4.418840607796598	3.6888794541139363	6.202535517187923	5.7899601708972535	5.926926025970411	6.586171654854675	0.6931471805599453	0.0	0.0	0.0	0.0	0.0	0.0	0.0	0.0	0.0	0.0	0.0	0.0	0.0	0.0	0.0	0.0	0.0	0.0	0.0	0.0	0.0	0.0	0.0	0.0	0.0	3.58351893845611	4.276666119016055	5.056245805348308	4.343805421853684	3.4657359027997265	4.574710978503383	5.117993812416755	5.730099782973574	0.0	0.0
SLC2A10	5.123963979403259	5.111987788356544	5.393627546352362	4.143134726391533	3.9889840465642745	3.6375861597263857	4.477336814478207	4.820281565605037	4.897839799950911	5.918893854273146	4.962844630259907	3.6109179126442243	4.6443908991413725	4.174387269895637	4.23410650459726	3.4657359027997265	4.48863636973214	4.060443010546419	0.0	0.0	0.0	0.0	0.0	0.0	0.0	0.0	0.0	0.0	0.0	0.0	0.0	0.0	0.0	0.0	0.0	1.0986122886681098	0.0	0.0	0.0	0.0	0.0	0.0	0.0	0.0	5.857933154483459	6.234410725718371	7.288244401020124	6.507277712385012	5.902633333401366	6.6039438246004725	4.61512051684126	4.5217885770490405	0.0	0.0
BARX2	4.718498871295094	4.770684624465665	5.176149732573829	4.48863636973214	4.543294782270004	5.0369526024136295	5.476463551931511	4.663439094112067	4.543294782270004	5.736572297479192	5.921578419643816	4.5217885770490405	4.343805421853684	3.6635616461296463	5.318119993844216	4.762173934797756	4.23410650459726	4.672828834461906	0.0	0.0	0.0	0.0	0.0	0.0	0.0	0.0	0.0	0.0	0.0	0.0	0.0	0.0	0.0	0.0	0.0	0.0	1.3862943611198906	0.0	0.0	0.0	0.0	0.0	0.0	0.0	5.6937321388027	6.12029741895095	6.881411303642535	6.1092475827643655	5.68697535633982	6.077642243349034	2.70805020110221	2.3978952727983707	0.0	0.0
HLA-DRB5	0.0	0.0	0.0	0.0	0.0	0.0	0.0	0.0	0.0	0.0	1.0986122886681098	0.0	0.6931471805599453	0.0	0.0	0.0	0.6931471805599453	0.0	0.0	0.0	0.0	0.0	0.0	0.0	0.0	0.0	0.0	0.0	0.0	0.0	0.0	0.0	0.0	0.0	0.0	0.0	0.6931471805599453	0.0	0.0	0.0	0.0	0.0	0.0	0.0	5.5254529391317835	6.342121418721152	7.108244139731541	6.391917113392602	5.598421958998375	6.472346294500901	8.024534871605695	8.214735833382303	6.863803391452954	4.02535169073515
TPSB2	0.0	0.0	0.0	0.0	0.0	0.0	0.0	0.0	0.0	0.0	0.0	0.0	0.0	0.0	0.0	0.0	0.0	0.0	0.0	0.0	0.0	0.0	0.0	0.0	0.0	0.0	0.0	0.0	0.0	0.0	0.0	0.0	0.0	0.0	0.0	0.0	0.0	0.0	0.0	0.0	0.0	0.0	0.0	0.0	0.0	0.0	0.0	0.0	0.0	0.0	6.003887067106539	7.538494999413465	6.836259277277067	4.795790545596741
CLEC9A	0.0	0.0	0.0	0.0	0.0	0.0	0.0	0.0	0.0	0.0	0.0	0.0	0.0	0.0	0.0	0.0	0.0	0.0	0.0	0.0	0.0	0.0	0.0	0.0	0.0	0.0	0.0	0.0	0.0	0.0	0.0	0.0	0.0	0.0	0.0	0.0	0.0	0.0	0.0	0.0	0.0	0.0	0.0	0.0	0.0	0.0	0.0	0.0	0.0	0.0	2.302585092994046	3.091042453358316	0.0	0.0
ZNF320	6.159095388491933	6.318968113746434	6.953684210870537	4.718498871295094	4.804021044733257	5.493061443340548	6.126869184114185	6.016157159698354	6.1779441140506	7.165493475060845	6.626717749249025	5.056245805348308	5.648974238161206	5.056245805348308	6.0063531596017325	5.093750200806762	5.793013608384144	5.5134287461649825	0.0	0.0	0.0	0.0	0.0	0.0	0.0	0.0	0.0	0.6931471805599453	0.0	0.0	0.0	0.0	0.0	0.0	0.0	0.0	0.0	0.0	0.0	0.0	0.0	0.0	0.0	0.0	3.332204510175204	4.060443010546419	5.176149732573829	5.075173815233827	4.77912349311153	4.969813299576001	5.497168225293202	5.4116460518550396	0.0	0.0
IFNB1	1.0986122886681098	0.0	0.6931471805599453	0.0	0.0	0.0	0.0	0.0	0.0	0.6931471805599453	2.1972245773362196	1.3862943611198906	1.6094379124341003	0.6931471805599453	7.493873886783559	7.083387847625295	8.443761913330354	9.178746500385005	0.0	0.0	0.0	0.0	0.0	0.0	0.6931471805599453	0.6931471805599453	0.0	0.0	0.0	0.0	0.0	0.0	0.0	0.0	0.0	0.0	0.0	1.6094379124341003	1.0986122886681098	2.0794415416798357	2.4849066497880004	6.214608098422191	6.124683390894205	6.3818160174060985	0.0	0.6931471805599453	2.302585092994046	7.98139158158007	7.490529402060711	8.060855752934316	0.0	0.0	0.0	0.0
GSTT1	0.0	0.0	0.0	0.0	0.0	0.0	0.0	0.0	0.0	0.0	0.0	0.0	0.0	0.0	0.0	0.0	0.0	0.0	0.0	0.0	0.0	0.0	0.0	0.0	0.0	0.0	0.0	0.0	0.0	0.0	0.0	0.0	0.0	0.0	0.0	0.0	0.0	0.0	0.0	0.0	0.0	0.0	0.0	0.0	5.5254529391317835	6.267200548541362	6.954638864880987	5.730099782973574	4.990432586778736	5.783825182329737	6.880384082186005	6.5337888379333435	2.8903717578961645	0.0
LRRC37A11P	0.0	0.0	0.0	0.0	0.0	0.0	0.0	0.0	0.0	0.0	0.0	0.0	0.0	0.0	0.0	0.0	0.0	0.0	0.0	0.0	0.0	1.3862943611198906	0.6931471805599453	0.0	0.0	0.0	0.0	0.0	0.0	0.6931471805599453	0.0	0.0	0.0	0.0	0.0	0.6931471805599453	0.0	0.0	0.0	0.0	0.0	0.0	0.0	0.0	5.459585514144159	6.0330862217988015	6.859614903654202	6.037870919922137	5.4510384535657	6.093569770045136	0.0	0.6931471805599453	0.0	0.0
PHACTR3	4.204692619390966	3.713572066704308	4.418840607796598	3.6635616461296463	3.58351893845611	3.7612001156935624	4.442651256490317	3.784189633918261	3.9512437185814275	4.955827057601261	4.418840607796598	3.1780538303479458	3.970291913552122	3.4339872044851463	3.6635616461296463	2.9444389791664403	3.6375861597263857	3.9889840465642745	0.0	0.0	0.6931471805599453	0.0	0.6931471805599453	0.6931471805599453	0.0	0.0	0.0	0.0	0.0	0.0	0.0	0.0	0.0	0.0	0.0	0.0	0.0	0.0	0.0	0.0	0.0	0.0	0.0	0.0	4.110873864173311	4.700480365792417	5.181783550292085	5.605802066295998	4.7535901911063645	5.3981627015177525	4.634728988229636	5.087596335232384	0.0	0.0
RARRES2	0.0	0.0	0.0	0.0	0.0	0.0	0.0	0.6931471805599453	0.0	0.0	0.0	0.0	0.0	0.6931471805599453	0.0	0.0	0.6931471805599453	0.0	0.0	0.0	0.0	0.0	0.0	0.0	0.0	0.0	0.6931471805599453	0.0	0.6931471805599453	0.0	0.0	0.0	0.0	0.0	0.0	0.0	0.0	0.0	0.0	0.0	0.0	0.0	0.0	0.0	4.859812404361672	5.762051382780177	6.508769136971682	4.330733340286331	3.8918202981106265	4.624972813284271	8.682029433869172	8.106816038947052	1.9459101490553132	0.0
LRRC61	4.204692619390966	4.276666119016055	4.382026634673881	4.0943445622221	3.828641396489095	4.2626798770413155	5.111987788356544	4.584967478670572	3.9889840465642745	5.402677381872279	5.493061443340548	3.9889840465642745	4.356708826689592	3.6635616461296463	4.5217885770490405	4.430816798843313	4.23410650459726	5.159055299214529	0.0	0.0	0.0	0.0	0.0	0.0	0.0	0.0	0.0	0.0	0.0	0.0	0.0	0.0	0.0	0.0	0.0	0.0	0.0	0.0	0.0	0.0	0.0	0.0	0.6931471805599453	0.0	5.53338948872752	6.304448802421981	7.046647277848756	5.860786223465865	5.1298987149230735	6.12029741895095	3.6375861597263857	4.290459441148391	1.0986122886681098	0.0
FPR2	0.0	0.0	0.0	0.0	0.0	0.0	0.0	0.6931471805599453	0.0	0.0	0.6931471805599453	0.0	0.0	0.6931471805599453	0.0	0.0	0.0	0.0	0.0	0.0	0.0	0.0	0.0	0.0	0.0	0.0	0.0	0.0	0.0	0.0	0.0	0.0	0.0	0.0	0.0	0.0	0.0	0.0	0.0	0.0	0.0	0.0	0.0	0.0	0.0	0.0	0.0	0.0	0.0	0.0	5.598421958998375	4.7535901911063645	3.295836866004329	2.4849066497880004
NTRK3	0.0	0.0	0.0	0.0	0.0	0.0	0.0	0.6931471805599453	0.0	0.0	0.0	0.0	0.0	0.0	0.0	0.0	0.0	0.0	7.831220214604293	7.282761179605593	7.00850518208228	8.036573409707312	7.837159650001675	5.420534999272286	6.163314804034641	8.503094267036737	8.491670234185152	8.377241230988792	5.8377304471659395	6.928537818164665	7.537430036586509	8.090708716083997	7.925518979786926	7.638198244285779	7.698936199813447	7.7039102096163115	8.350666240520924	5.58724865840025	4.2626798770413155	7.126087273299125	6.576469569048224	7.570443252057374	7.269616749608169	7.679251425953058	0.0	0.0	0.0	0.0	0.0	0.0	6.154858094016418	4.61512051684126	1.0986122886681098	0.0
TMPRSS11E	4.787491742782046	4.9344739331306915	5.303304908059076	4.890349128221754	5.099866427824199	5.572154032177765	6.253828811575473	4.912654885736052	4.890349128221754	5.659482215759621	6.490723534502507	4.584967478670572	5.697093486505405	5.19295685089021	6.159095388491933	5.2832037287379885	5.916202062607435	6.059123195581797	0.0	0.0	0.0	0.0	0.0	0.0	0.0	0.0	0.0	0.0	0.0	0.0	0.0	0.0	0.0	0.0	0.0	0.0	0.6931471805599453	0.0	0.0	0.0	0.0	0.0	0.0	0.0	1.791759469228055	2.9444389791664403	3.1780538303479458	2.302585092994046	1.9459101490553132	2.0794415416798357	1.791759469228055	0.0	0.0	0.0
CCND2	8.439231649946526	8.412054873292933	8.958411469230219	7.362645270417825	7.508238774678663	7.899153483343097	8.631235907456897	8.19533366716287	8.189522110748094	9.291551627401006	8.8110561229431	7.350516171833998	7.51425465281641	6.860663671448287	8.183676582620658	7.5595594960077	7.4073177104694174	8.178919332848396	0.0	0.0	0.0	0.0	0.0	0.0	0.0	0.6931471805599453	0.0	0.0	0.0	0.0	0.0	0.0	0.0	0.0	0.0	0.6931471805599453	0.6931471805599453	0.0	0.0	0.6931471805599453	0.0	0.0	0.0	0.0	0.6931471805599453	1.791759469228055	2.3978952727983707	1.791759469228055	0.0	2.0794415416798357	7.829232537543592	8.260751354700513	4.700480365792417	1.0986122886681098
HLA-DRB6	0.0	0.0	0.0	0.0	0.0	0.0	0.0	0.0	0.0	0.0	0.0	0.0	0.6931471805599453	0.0	0.0	0.0	0.0	0.0	0.0	0.0	0.0	0.0	0.0	0.0	0.0	0.0	0.0	0.0	0.0	0.0	0.0	0.0	0.0	0.0	0.0	0.0	0.0	0.0	0.0	0.0	0.0	0.0	0.0	0.0	4.442651256490317	5.017279836814924	5.60947179518496	5.003946305945459	4.127134385045092	5.099866427824199	7.189922170745808	7.585788821732034	5.3706380281276624	2.5649493574615367
GIMAP6	0.0	0.0	0.0	0.0	0.0	0.0	0.0	0.0	0.0	0.0	0.0	0.0	0.0	0.0	0.0	0.0	0.0	0.0	0.0	0.0	0.0	0.0	0.0	0.0	0.0	0.0	0.0	0.0	0.0	0.0	0.0	0.0	0.0	0.0	0.0	0.0	0.0	0.0	0.0	0.0	0.0	0.6931471805599453	0.0	0.0	0.0	0.0	0.0	0.6931471805599453	0.0	0.0	7.549609165154532	7.260522598089852	1.9459101490553132	0.0
HLA-DQB1	5.996452088619021	5.991464547107982	6.3784261836515865	4.605170185988092	4.787491742782046	4.867534450455582	5.4116460518550396	6.008813185442595	5.855071922202427	6.939253946041508	6.061456918928017	4.499809670330265	5.049856007249537	4.454347296253507	5.25227342804663	4.844187086458591	5.220355825078324	5.780743515792329	0.0	1.0986122886681098	0.0	0.0	0.0	0.0	0.0	0.0	0.0	0.0	0.0	0.0	0.0	0.0	0.0	0.0	0.0	0.0	0.6931471805599453	0.0	0.0	0.0	0.0	0.0	0.0	0.0	7.771067086065406	8.531490496117062	9.281544130982514	8.518192691749322	7.841492924460013	8.564649132572534	7.998335395952982	7.884576510596324	5.3230099791384085	2.1972245773362196
MFAP5	5.560681631015528	5.147494476813453	5.8377304471659395	5.877735781779639	5.932245187448011	5.6240175061873385	6.369900982828227	5.1647859739235145	5.356586274672012	6.476972362889683	6.911747300251674	5.488937726156687	6.373319789577012	5.676753802268282	6.20455776256869	5.5053315359323625	6.480044561926653	6.755768921984255	0.6931471805599453	0.0	0.0	0.6931471805599453	1.791759469228055	0.0	0.0	0.0	0.6931471805599453	0.0	0.0	0.0	0.6931471805599453	0.0	0.6931471805599453	0.6931471805599453	0.6931471805599453	0.6931471805599453	0.0	0.6931471805599453	0.0	1.3862943611198906	0.6931471805599453	0.0	0.0	0.6931471805599453	0.0	0.0	0.0	0.0	0.0	0.0	5.2832037287379885	4.2626798770413155	0.0	0.0
KRT81	1.9459101490553132	2.5649493574615367	3.295836866004329	2.3978952727983707	1.6094379124341003	2.1972245773362196	3.1780538303479458	3.044522437723423	2.0794415416798357	3.6375861597263857	1.6094379124341003	1.0986122886681098	2.1972245773362196	2.4849066497880004	3.1780538303479458	2.70805020110221	2.6390573296152584	3.6888794541139363	11.217291862730827	10.694736467429317	10.424867285240648	10.579946251809838	10.14968334738049	9.533075832485352	10.16665918330341	11.32729443791579	11.169166746298043	11.004147742821537	10.881080323786447	9.94640335351296	10.266810350446326	11.342338784394622	11.324026323215884	11.01036558562127	10.824088979997368	10.626096443245693	11.29990549682687	9.67633597982438	8.812992231969966	9.8001804826702	9.561349294288288	10.670094280782367	10.64435289430417	10.586584397242571	1.0986122886681098	2.302585092994046	2.4849066497880004	4.007333185232471	1.9459101490553132	3.044522437723423	1.3862943611198906	2.1972245773362196	4.1588830833596715	0.0
BMP5	0.0	0.0	0.0	0.0	0.0	0.0	0.0	0.0	0.0	0.0	0.0	0.0	0.0	0.0	0.0	0.0	0.0	0.0	0.0	0.0	0.0	0.0	0.0	0.0	0.0	0.6931471805599453	0.6931471805599453	0.0	0.0	0.0	0.0	0.0	0.0	0.0	0.0	0.0	0.0	0.0	0.0	0.0	0.0	0.0	0.0	0.0	0.0	0.0	0.0	0.0	0.0	0.0	5.0106352940962555	4.343805421853684	0.0	0.0
GZMB	0.0	0.0	0.0	0.0	0.0	0.0	0.0	0.0	0.0	0.0	0.0	0.0	0.0	0.0	0.0	0.6931471805599453	0.0	0.0	0.0	0.0	0.0	0.0	0.0	0.0	0.0	0.0	0.0	0.0	0.0	0.0	0.0	0.0	0.0	0.0	0.0	0.0	0.0	0.0	0.0	0.0	0.0	0.0	0.0	0.0	0.0	0.0	0.0	0.0	0.0	0.0	6.124683390894205	7.465655310134056	2.8903717578961645	1.3862943611198906
PRSS8	7.690743163541872	7.803026643632217	8.060855752934316	6.634633357861686	6.755768921984255	6.88653164253051	7.551186867296149	7.853993087224244	7.5652752818989315	8.738895704934043	8.127699852817772	6.608000625296087	6.849066282633458	6.159095388491933	7.267525427828172	7.00033446027523	7.199678345691172	8.030084094267563	0.6931471805599453	1.0986122886681098	0.0	0.0	0.0	0.0	0.0	0.0	0.6931471805599453	1.0986122886681098	0.6931471805599453	0.0	0.0	1.0986122886681098	0.6931471805599453	0.0	0.6931471805599453	0.6931471805599453	1.0986122886681098	0.6931471805599453	0.0	0.6931471805599453	0.0	1.0986122886681098	0.0	0.0	7.222566018822171	8.06211758275474	8.759668671029939	8.58260632996447	7.94873845481361	8.71308886823731	4.836281906951478	8.07775756373692	1.3862943611198906	0.6931471805599453
FDCSP	1.0986122886681098	0.0	1.0986122886681098	0.0	0.0	0.0	0.0	0.0	0.0	0.0	2.1972245773362196	0.6931471805599453	0.0	0.0	0.0	0.0	0.0	0.6931471805599453	0.0	0.0	0.0	0.0	0.0	0.0	0.0	0.0	0.0	1.0986122886681098	0.0	0.0	0.0	0.0	0.0	0.0	0.6931471805599453	0.0	1.0986122886681098	0.0	0.0	0.6931471805599453	0.0	0.0	0.0	0.0	9.26955223160803	9.869620483024551	10.572674976900842	10.517753850242626	10.079455635357908	10.476893531483524	0.0	1.3862943611198906	4.897839799950911	2.1972245773362196
PDLIM4	5.351858133476067	5.480638923341991	5.8377304471659395	5.8377304471659395	5.8664680569332965	6.159095388491933	6.670766320845874	5.556828061699537	5.14166355650266	6.492239835020471	6.950814768442584	5.616771097666572	5.5053315359323625	4.897839799950911	6.525029657843462	6.234410725718371	5.955837369464831	6.9440872082295275	0.0	0.0	0.0	0.0	0.0	0.0	0.0	0.0	0.0	0.0	0.0	0.0	0.0	0.6931471805599453	0.0	0.0	0.0	0.0	0.0	0.6931471805599453	0.0	1.0986122886681098	0.0	0.6931471805599453	0.0	0.0	5.407171771460119	6.440946540632921	6.992096427415888	6.226536669287466	5.905361848054571	6.628041376179533	6.736966958001855	7.234177179749849	2.772588722239781	0.0
ADAMTS1	7.803435056952168	7.659642954564682	8.247220052745229	7.29641326877392	7.377133712833954	7.255591274253665	8.141189793457691	7.672292455628756	7.733245646529795	8.90557995798965	9.54852542660107	8.16961956172385	7.909122183211411	7.347943823148687	8.38548870041881	7.9420068084898565	8.478244441277663	8.133880887949207	0.6931471805599453	0.6931471805599453	1.0986122886681098	0.0	0.6931471805599453	0.0	1.0986122886681098	1.3862943611198906	1.3862943611198906	0.0	0.0	0.6931471805599453	0.0	0.6931471805599453	1.3862943611198906	0.6931471805599453	0.0	1.0986122886681098	0.6931471805599453	1.3862943611198906	1.0986122886681098	0.6931471805599453	1.0986122886681098	1.0986122886681098	1.0986122886681098	0.0	3.713572066704308	4.060443010546419	5.153291594497779	5.181783550292085	4.30406509320417	5.003946305945459	9.822873848541882	8.216358332386156	3.8918202981106265	1.6094379124341003
NTF3	0.0	0.0	1.0986122886681098	0.0	0.0	0.0	0.0	0.0	0.0	0.0	0.0	0.0	0.0	0.0	0.0	0.0	0.0	0.0	0.0	0.0	0.0	0.0	0.0	0.0	0.0	0.0	0.0	0.0	0.0	0.0	0.0	0.0	0.0	0.0	0.0	0.0	0.0	0.0	0.0	0.0	0.0	0.0	0.0	0.0	0.0	0.0	0.0	0.0	0.0	0.0	4.564348191467836	4.859812404361672	0.0	0.0
CLCA2	8.266164436612492	8.209580483475577	8.729882284826589	6.3578422665081	6.255750041753367	6.844815479208263	7.563719668414366	7.756623334538858	7.836764783264067	8.807471889715284	8.103191752285786	6.461468176353717	7.876638460975463	7.187657164114956	7.222566018822171	6.52795791762255	7.847762537473608	7.643003635560718	0.6931471805599453	0.0	0.0	0.0	0.0	0.0	0.6931471805599453	0.0	0.0	0.0	0.0	1.0986122886681098	0.0	0.6931471805599453	0.0	0.6931471805599453	0.6931471805599453	0.0	0.0	0.0	0.0	0.0	0.0	1.0986122886681098	0.0	0.6931471805599453	0.0	0.0	0.0	0.0	1.3862943611198906	0.0	2.302585092994046	0.0	0.0	0.0
MT1L	5.4680601411351315	5.247024072160486	5.537334267018537	5.135798437050262	5.332718793265369	5.153291594497779	5.707110264748875	5.1647859739235145	4.941642422609304	6.180016653652572	6.587550014824796	5.2574953720277815	5.14166355650266	4.3694478524670215	5.537334267018537	5.327876168789581	5.375278407684165	6.68586094706836	0.0	0.0	0.0	0.0	0.0	0.0	0.0	0.0	0.0	0.0	0.0	0.0	0.0	0.0	0.0	0.0	0.0	0.0	0.0	0.0	0.0	0.0	0.0	0.0	0.0	0.0	0.0	0.0	0.0	0.0	0.0	0.0	7.028201432058005	7.878155336503324	3.8501476017100584	0.6931471805599453
CERS3	4.31748811353631	4.290459441148391	4.948759890378168	3.8501476017100584	3.970291913552122	4.1588830833596715	5.111987788356544	4.189654742026425	4.1588830833596715	5.170483995038151	4.770684624465665	3.5553480614894135	4.543294782270004	4.110873864173311	5.170483995038151	4.499809670330265	5.68697535633982	6.082218910376446	0.0	0.0	0.0	0.0	0.0	0.0	0.0	0.0	0.0	0.0	0.0	0.0	0.0	0.0	0.0	0.0	0.0	0.0	0.6931471805599453	0.0	0.0	0.0	0.0	0.0	0.0	0.0	0.0	0.0	0.0	0.6931471805599453	0.0	0.6931471805599453	0.0	1.6094379124341003	0.0	0.0
FAM83F	5.537334267018537	5.356586274672012	5.8289456176102075	4.718498871295094	4.59511985013459	5.267858159063328	5.869296913133774	5.488937726156687	5.337538079701318	6.1903154058531475	6.682108597449809	5.14166355650266	4.812184355372417	4.204692619390966	5.638354669333745	5.2832037287379885	5.0689042022202315	5.488937726156687	0.0	0.0	0.0	0.0	0.0	0.0	0.0	0.0	0.0	0.0	0.0	0.0	0.0	0.0	0.0	0.0	0.0	0.0	0.0	0.0	0.0	0.0	0.0	0.0	0.0	0.0	4.61512051684126	5.337538079701318	5.955837369464831	4.875197323201151	4.174387269895637	5.262690188904886	0.0	2.1972245773362196	0.0	0.0
ZIK1	4.07753744390572	4.07753744390572	4.31748811353631	3.5263605246161616	2.9444389791664403	3.6635616461296463	4.127134385045092	3.8918202981106265	3.9512437185814275	5.099866427824199	5.247024072160486	3.8918202981106265	3.7612001156935624	3.2188758248682006	3.58351893845611	3.4011973816621555	3.58351893845611	3.091042453358316	0.0	0.0	0.0	0.0	0.0	0.0	0.0	0.0	0.0	0.0	0.0	0.0	0.0	0.0	0.0	0.0	0.0	0.0	0.0	0.0	0.0	0.0	0.0	0.0	0.0	0.0	0.0	0.0	0.0	0.0	0.0	0.6931471805599453	4.465908118654584	4.59511985013459	0.0	0.0
S100A8	6.593044534142437	6.3473892096560105	6.673297967767654	7.638198244285779	7.786967002614872	8.193400231952097	8.580355766373877	7.520234556474628	7.60339933974067	8.71292443512011	9.067277989134345	7.631916513071252	9.254452946594503	8.431635303054591	8.526945482858915	7.763871287820222	9.33890947277089	10.453370414555645	0.0	0.0	0.0	1.3862943611198906	1.6094379124341003	0.0	0.0	0.0	0.0	0.0	0.6931471805599453	0.0	0.0	0.0	0.0	0.0	0.6931471805599453	1.0986122886681098	1.0986122886681098	0.0	0.0	0.6931471805599453	1.3862943611198906	0.0	0.0	0.0	0.0	0.0	0.0	0.0	0.0	0.0	9.178230318057949	7.562161631225652	9.146654820290049	6.6052979209482015
LCN10	0.0	0.0	0.0	0.0	0.0	0.0	0.6931471805599453	0.0	0.0	0.0	0.0	0.0	0.0	0.0	0.0	0.0	0.0	0.6931471805599453	0.0	0.0	0.0	0.0	0.0	0.0	0.0	0.0	0.0	0.6931471805599453	0.0	0.0	0.0	0.0	0.6931471805599453	0.0	0.0	0.0	0.6931471805599453	0.0	0.0	0.0	0.0	0.0	0.0	0.0	2.6390573296152584	3.4965075614664802	4.23410650459726	2.70805020110221	2.4849066497880004	3.258096538021482	7.265429723253953	6.851184927493743	0.0	0.0
RAB25	6.98100574072173	6.905753276311464	7.478734825567875	6.529418838262226	6.679599185844383	6.639875833826536	7.259819610363186	6.961296045910167	6.895682697747868	8.084562415235304	7.615791072035833	6.248042874508429	6.643789733147672	5.916202062607435	7.07326971745971	6.594413459749778	6.715383386334681	7.6236419465115715	1.0986122886681098	0.0	0.0	0.6931471805599453	1.0986122886681098	0.0	0.0	0.0	0.0	0.0	0.6931471805599453	0.0	0.0	0.0	0.0	0.6931471805599453	0.6931471805599453	0.0	0.0	1.791759469228055	0.0	0.0	0.0	0.6931471805599453	0.0	0.6931471805599453	7.001245622069476	7.691200097522863	8.415603335654604	7.8050670442584895	7.2254814727822945	7.873217054862741	5.739792912179234	6.755768921984255	4.276666119016055	1.0986122886681098
GABRP	5.176149732573829	5.204006687076795	5.594711379601839	3.1780538303479458	3.4011973816621555	2.833213344056216	3.912023005428146	5.3981627015177525	5.407171771460119	6.467698726104354	3.091042453358316	1.3862943611198906	2.0794415416798357	2.0794415416798357	3.6635616461296463	3.091042453358316	3.295836866004329	2.70805020110221	0.0	0.0	0.0	0.0	0.6931471805599453	0.0	0.0	0.0	0.0	0.0	0.0	0.0	0.0	0.0	0.0	0.0	0.0	0.0	0.0	0.0	0.0	0.0	0.0	0.0	0.0	0.0	9.096723645189215	9.413036288021287	10.402078638633776	9.700452954144632	9.19502366786429	9.721305985943088	3.091042453358316	2.995732273553991	1.9459101490553132	0.0
GYPE	0.0	0.0	0.0	0.0	0.0	0.0	0.0	0.0	0.0	0.0	0.0	0.0	0.0	0.0	0.0	0.0	0.0	0.0	0.0	0.0	0.0	0.0	0.0	0.0	0.0	0.0	0.0	0.0	0.0	0.0	0.0	0.0	0.0	0.0	0.0	0.0	0.0	0.0	0.0	0.0	0.0	0.0	0.0	0.0	0.0	0.0	0.0	0.0	0.0	0.0	2.302585092994046	3.1780538303479458	0.0	0.0
FAM84A	6.46302945692067	6.55250788703459	7.109062135687172	5.730099782973574	5.814130531825066	6.1463292576688975	6.759255270663693	6.333279628139691	6.0473721790462776	7.197435354096591	6.759255270663693	5.153291594497779	6.035481432524756	5.4638318050256105	7.00033446027523	6.466144724237619	6.968850378341948	7.22983877815125	0.0	0.0	0.6931471805599453	1.6094379124341003	0.0	0.0	0.6931471805599453	0.6931471805599453	1.0986122886681098	0.0	0.0	0.6931471805599453	0.0	1.0986122886681098	0.0	0.6931471805599453	1.3862943611198906	0.0	0.0	1.0986122886681098	0.0	0.0	0.0	0.6931471805599453	1.3862943611198906	0.6931471805599453	4.997212273764115	5.5053315359323625	6.418364935936212	4.927253685157205	4.8283137373023015	5.267858159063328	5.1298987149230735	4.7535901911063645	0.0	0.0
KLK8	5.187385805840755	5.272999558563747	5.583496308781699	5.147494476813453	5.262690188904886	5.676753802268282	6.1903154058531475	5.3230099791384085	5.117993812416755	6.327936783729195	5.480638923341991	3.5553480614894135	5.594711379601839	4.897839799950911	5.877735781779639	5.4638318050256105	5.627621113690637	6.598509028614515	0.0	0.0	0.0	0.6931471805599453	0.0	0.0	0.0	0.0	0.0	0.6931471805599453	0.0	0.0	0.0	0.0	0.0	0.0	0.6931471805599453	0.0	0.0	0.0	0.0	0.0	0.6931471805599453	0.0	0.0	0.6931471805599453	2.0794415416798357	2.9444389791664403	3.4657359027997265	3.4011973816621555	2.833213344056216	3.258096538021482	1.0986122886681098	0.0	0.0	0.0
RNF157	0.0	0.0	0.0	0.0	0.0	0.0	0.0	0.6931471805599453	0.0	0.0	0.0	0.0	0.0	0.0	0.0	0.0	0.0	0.0	5.860786223465865	5.43372200355424	5.147494476813453	4.804021044733257	4.59511985013459	4.31748811353631	5.081404364984463	6.186208623900494	6.1224928095143865	6.028278520230698	4.007333185232471	4.983606621708336	5.389071729816501	6.0014148779611505	5.869296913133774	5.579729825986222	5.786897381366708	5.568344503761097	6.257667587882639	4.90527477843843	3.4965075614664802	3.6375861597263857	2.833213344056216	5.3706380281276624	5.241747015059643	5.638354669333745	5.236441962829949	5.645446897643238	6.6039438246004725	5.54907608489522	4.8283137373023015	5.641907070938114	4.499809670330265	4.07753744390572	0.0	0.0
EPHA1	6.028278520230698	5.860786223465865	6.439350371100098	5.572154032177765	5.730099782973574	5.8289456176102075	6.452048954437226	5.973809611869261	5.676753802268282	6.915723448631314	7.007600613951853	5.537334267018537	5.82600010738045	5.003946305945459	6.466144724237619	5.955837369464831	6.6052979209482015	6.821107472256465	1.3862943611198906	0.0	0.6931471805599453	0.0	0.0	0.0	0.0	0.0	0.0	0.0	0.0	0.0	0.0	0.6931471805599453	1.6094379124341003	0.0	0.0	0.0	0.0	1.0986122886681098	0.0	0.6931471805599453	0.0	0.0	0.0	0.0	5.3230099791384085	6.030685260261263	6.828712071641684	5.966146739123692	5.288267030694535	6.156978985585555	3.295836866004329	4.820281565605037	0.0	0.0
CALML3	6.419994928147142	6.734591659972948	6.79346613258001	4.919980925828125	4.6913478822291435	5.0689042022202315	5.680172609017068	6.214608098422191	5.659482215759621	6.641182169740591	4.897839799950911	3.6375861597263857	5.365976015021851	4.820281565605037	4.927253685157205	4.584967478670572	5.6131281063880705	6.453624998892692	0.0	0.0	0.0	0.6931471805599453	0.0	0.0	0.0	0.0	0.0	0.0	0.0	0.0	0.0	0.0	0.6931471805599453	0.0	0.0	0.0	0.0	0.0	0.0	0.0	0.0	0.0	0.0	0.0	0.0	0.0	0.0	0.0	0.0	0.0	0.0	0.0	0.0	0.0
GRIN2A	0.0	0.0	0.0	0.0	0.0	0.0	0.0	0.0	0.0	0.0	1.3862943611198906	0.0	0.0	0.0	0.0	0.0	0.0	0.0	0.0	0.0	0.0	0.0	0.0	0.0	0.0	0.0	0.6931471805599453	0.0	0.0	0.0	0.0	0.6931471805599453	0.0	0.0	0.0	0.0	0.0	0.6931471805599453	0.0	0.0	0.0	0.0	0.0	0.0	5.288267030694535	5.5134287461649825	6.706862336602747	5.820082930352362	5.332718793265369	5.953243334287785	3.332204510175204	1.9459101490553132	0.0	0.0
CD40LG	0.0	0.0	0.0	0.0	0.0	0.0	0.0	0.0	0.0	0.0	0.0	0.0	0.0	0.0	0.0	0.0	0.0	0.0	0.0	0.0	0.0	0.0	0.0	0.0	0.0	0.0	0.0	0.0	0.0	0.0	0.0	0.0	0.0	0.0	0.0	0.0	0.0	0.0	0.0	0.0	0.0	0.0	0.0	0.0	0.0	0.0	0.0	0.0	0.0	0.0	3.091042453358316	4.007333185232471	0.6931471805599453	0.0
HLA-DRA	1.3862943611198906	0.0	0.6931471805599453	0.0	0.6931471805599453	0.0	0.0	0.0	1.0986122886681098	1.791759469228055	0.0	0.0	0.6931471805599453	0.0	0.0	0.0	2.302585092994046	2.0794415416798357	0.0	0.6931471805599453	0.0	0.0	0.0	0.0	0.0	0.0	0.0	0.0	0.6931471805599453	0.0	0.0	0.0	0.0	0.0	0.0	0.0	0.6931471805599453	0.0	0.0	0.0	0.0	0.0	0.0	0.0	8.261009786023827	8.851090687664982	9.68930374259339	9.116688815894728	8.454679286026995	9.18512512283512	9.860319057134749	10.362240631009008	7.507141079727608	4.48863636973214
GTSF1	0.0	0.0	0.0	0.0	0.0	0.0	0.0	0.0	0.0	0.0	0.0	0.0	0.0	0.0	0.0	0.0	0.0	0.0	0.0	0.0	0.0	0.0	0.0	0.0	0.0	0.0	0.0	0.0	0.0	0.0	0.0	0.0	0.0	0.0	0.0	0.6931471805599453	0.0	0.0	0.6931471805599453	0.0	0.0	0.0	0.0	0.0	6.53813982376767	7.174724309836376	7.903965634032166	6.953684210870537	6.220590170099739	6.837332814685591	1.6094379124341003	2.3978952727983707	3.091042453358316	0.0
S100A14	10.23501903226617	10.057838212366052	10.578674407719081	9.169934957341145	9.248021438943871	9.3615151997733	9.870706063011749	10.048885755225484	10.120934911305456	11.156350516031829	10.474636576285224	9.1539816383068	9.196038587265322	8.494947582468917	9.746131741759921	9.175231194862615	9.245804036251752	10.02605910492431	1.0986122886681098	1.0986122886681098	1.6094379124341003	2.995732273553991	2.5649493574615367	0.0	0.0	0.6931471805599453	0.6931471805599453	1.3862943611198906	0.6931471805599453	1.0986122886681098	1.0986122886681098	1.6094379124341003	0.0	0.6931471805599453	1.6094379124341003	1.6094379124341003	1.3862943611198906	2.0794415416798357	0.0	1.3862943611198906	0.6931471805599453	0.6931471805599453	1.3862943611198906	0.0	6.754604099487962	7.583247524303362	8.213652703029998	7.944846711001996	7.195187320178709	7.938088726896952	6.405228458030842	7.720017940432244	2.302585092994046	0.0
FXYD3	8.737292112544221	8.720950028930258	9.050171619823361	7.473637108496206	7.554334823725748	8.415160465851086	8.912338567117548	8.47345026846832	8.532081803909987	9.632072452548218	9.006386515055114	7.4949862339505335	8.19118600464279	7.3537223303996315	8.777092882855566	8.350193650720067	8.297045149081827	9.287671714912506	0.0	0.0	1.3862943611198906	1.791759469228055	1.9459101490553132	0.0	0.0	0.0	0.0	0.6931471805599453	0.0	0.0	0.0	0.6931471805599453	0.0	0.0	0.0	0.0	1.3862943611198906	0.0	0.0	0.6931471805599453	0.0	0.0	0.6931471805599453	0.0	6.569481420414296	7.3987862754199485	8.064321960910803	7.202661196523238	6.668228248417403	7.392031567514591	6.606650186198215	7.578656850594762	4.007333185232471	0.6931471805599453
CCL19	0.0	0.0	0.0	0.0	0.0	0.0	0.0	0.0	0.0	0.0	0.0	0.0	0.0	0.0	0.0	0.0	0.0	0.0	0.0	0.0	0.0	0.0	0.0	0.0	0.0	0.0	0.0	0.0	0.0	0.0	0.0	0.0	0.0	0.0	0.0	0.0	0.0	0.0	0.0	0.0	0.0	0.0	0.0	0.0	0.0	0.0	0.0	0.0	0.0	0.0	5.673323267171493	5.58724865840025	5.303304908059076	3.044522437723423
SLC38A5	7.602401335665818	7.57095858316901	7.894318063841624	7.050122520269059	7.063903961472068	7.32052696227274	7.892078421248119	7.685243607975833	7.496097345175956	8.551014739891748	8.677439540558334	7.286191714702382	7.3031700512368	6.476972362889683	7.707062655370473	7.344719054149673	7.365812837209472	7.974532844130228	1.6094379124341003	0.6931471805599453	0.6931471805599453	1.6094379124341003	0.6931471805599453	0.0	1.0986122886681098	1.6094379124341003	0.6931471805599453	1.3862943611198906	1.3862943611198906	0.6931471805599453	1.0986122886681098	1.3862943611198906	1.3862943611198906	0.0	1.0986122886681098	0.0	2.302585092994046	1.0986122886681098	0.6931471805599453	0.6931471805599453	0.0	1.3862943611198906	1.0986122886681098	1.9459101490553132	1.6094379124341003	1.3862943611198906	2.4849066497880004	1.6094379124341003	0.6931471805599453	1.9459101490553132	6.220590170099739	7.887208585813932	0.6931471805599453	0.0
SPRR1A	5.030437921392435	4.875197323201151	5.3471075307174685	6.804614520062624	6.922643891475888	6.767343125265392	7.392031567514591	5.389071729816501	5.111987788356544	6.55250788703459	7.483806687665835	5.942799375126701	7.784473235736469	6.899723107284872	7.231287004327616	6.556778356158042	7.934513463882263	8.858652969548489	0.0	0.0	0.0	0.0	0.0	0.0	0.0	0.0	0.0	0.0	0.0	0.0	0.0	0.0	0.0	0.0	0.0	0.0	0.0	0.0	0.0	0.0	0.0	0.0	0.0	0.0	1.3862943611198906	2.70805020110221	2.70805020110221	2.4849066497880004	2.4849066497880004	3.332204510175204	0.0	0.0	0.0	0.0
TCEAL2	0.0	0.0	0.0	0.0	0.0	0.0	0.0	0.0	0.0	0.0	0.0	0.0	0.0	0.0	0.0	0.0	0.0	0.0	0.0	0.0	0.0	0.0	0.0	0.0	0.0	0.0	0.0	0.0	0.0	0.0	0.0	0.0	0.0	0.0	0.6931471805599453	0.0	0.0	0.0	0.0	0.0	0.0	0.0	0.0	0.0	0.0	0.6931471805599453	0.0	0.0	0.0	0.0	5.204006687076795	4.219507705176107	0.0	0.0
HNF1B	0.0	0.0	0.0	0.6931471805599453	0.6931471805599453	0.0	0.0	1.0986122886681098	0.6931471805599453	1.0986122886681098	0.0	0.0	0.6931471805599453	0.0	0.6931471805599453	0.6931471805599453	0.6931471805599453	0.0	6.911747300251674	6.327936783729195	5.991464547107982	7.10085190894405	6.784457062637643	5.4116460518550396	5.942799375126701	7.228388451573604	7.24422751560335	7.069874128458572	5.247024072160486	5.840641657373398	6.4425401664681985	7.002155954403621	6.93537044601511	6.716594773520978	6.9167150203536085	6.981934677156389	7.644440761556566	6.068425588244111	4.77912349311153	6.056784013228625	5.438079308923196	6.546785410760524	6.238324625039508	6.648984550024776	6.714170529909472	7.261927092702751	8.136518252115291	7.546446273746024	6.922643891475888	7.703007682479236	3.6109179126442243	5.1647859739235145	2.0794415416798357	0.0
GIMAP4	0.0	0.0	0.0	0.0	0.0	0.0	0.0	0.0	0.0	0.0	0.0	0.0	0.0	0.0	0.6931471805599453	0.0	0.0	0.0	0.0	0.0	0.0	0.0	0.0	0.0	0.0	0.0	0.0	0.0	0.0	0.0	0.0	0.0	0.0	0.0	0.0	0.0	0.0	0.0	0.0	0.0	0.0	0.6931471805599453	0.0	0.0	0.0	0.0	0.0	0.0	0.0	0.0	7.421775793644647	7.4815557019095165	5.337538079701318	2.833213344056216
MS4A4A	0.0	0.0	0.0	0.0	0.0	0.0	0.0	0.6931471805599453	0.0	0.0	0.0	0.0	0.0	0.0	0.0	0.0	0.0	0.0	0.0	0.0	0.0	0.0	0.0	0.0	0.0	0.0	0.0	0.0	0.0	0.0	0.0	0.0	0.0	0.0	0.0	0.0	0.0	0.0	0.0	0.0	0.0	0.0	0.0	0.0	1.0986122886681098	0.0	0.6931471805599453	0.0	0.0	0.0	5.556828061699537	5.493061443340548	3.2188758248682006	1.791759469228055
DPYSL5	0.0	0.0	0.0	0.0	0.0	0.0	1.0986122886681098	0.0	0.0	0.0	0.0	0.0	0.0	0.0	0.0	0.0	0.0	0.0	6.366470447731438	5.82600010738045	5.493061443340548	4.48863636973214	4.653960350157523	4.74493212836325	5.123963979403259	6.432940092739179	6.366470447731438	6.212606095751519	4.356708826689592	5.0689042022202315	5.424950017481403	6.51025834052315	6.616065185132817	6.3080984415095305	5.683579767338681	5.973809611869261	6.455198563340122	4.836281906951478	3.9889840465642745	3.4011973816621555	2.70805020110221	5.293304824724492	5.198497031265826	5.342334251964811	1.6094379124341003	2.1972245773362196	2.8903717578961645	1.6094379124341003	1.0986122886681098	1.791759469228055	0.0	0.0	0.0	0.0
LOC400655	0.0	0.0	0.0	0.0	0.0	0.0	0.0	0.0	0.0	0.0	0.0	0.0	0.0	0.0	0.0	0.0	0.0	0.0	5.996452088619021	5.476463551931511	5.209486152841421	6.180016653652572	6.169610732491456	4.820281565605037	5.541263545158426	5.771441123130016	5.7430031878094825	5.552959584921617	3.1780538303479458	4.564348191467836	5.187385805840755	6.376726947898627	6.042632833682381	5.808142489980444	6.016157159698354	6.0014148779611505	6.63200177739563	5.062595033026967	3.912023005428146	4.859812404361672	4.584967478670572	5.337538079701318	5.332718793265369	5.537334267018537	0.0	0.0	0.0	1.0986122886681098	0.0	0.0	1.6094379124341003	0.0	0.0	0.0
CD84	0.0	0.0	0.0	0.0	0.0	0.0	0.0	0.0	0.0	0.0	0.0	0.0	0.0	0.0	0.0	0.0	0.0	0.0	0.0	0.0	0.0	0.0	0.0	0.0	0.0	0.0	0.0	0.0	0.0	0.0	0.0	0.0	0.0	0.0	0.6931471805599453	0.0	0.0	0.0	0.0	0.0	0.0	0.0	0.0	0.0	0.0	0.0	0.0	0.0	0.0	0.0	4.61512051684126	5.950642552587727	0.6931471805599453	0.0
BNC1	7.837159650001675	7.565793282428515	8.16961956172385	6.927557906278317	6.755768921984255	6.9874902470009905	7.795234929002173	7.61972421378267	7.670428522190693	8.813289762469037	9.061956366209925	7.545389749611823	7.3914152346753585	6.859614903654202	7.6544432264701125	7.051855622955894	7.400009517162692	7.2456550675945355	0.6931471805599453	0.0	0.6931471805599453	0.0	0.0	0.0	0.0	0.0	1.791759469228055	1.0986122886681098	0.0	0.0	0.6931471805599453	0.0	1.3862943611198906	1.6094379124341003	2.3978952727983707	2.302585092994046	2.995732273553991	0.0	0.0	0.0	0.0	1.6094379124341003	1.6094379124341003	1.3862943611198906	0.0	0.0	0.0	0.0	0.0	0.0	1.3862943611198906	3.367295829986474	0.0	0.0
IFNL2	0.0	0.0	1.791759469228055	0.6931471805599453	0.0	0.6931471805599453	0.0	1.0986122886681098	0.0	0.0	2.9444389791664403	0.6931471805599453	1.6094379124341003	1.6094379124341003	7.5652752818989315	7.38025578842646	8.660254034256889	9.28023949935585	0.0	0.0	0.6931471805599453	0.0	0.0	0.0	1.3862943611198906	0.0	0.0	0.0	0.0	0.0	0.0	0.0	0.0	0.0	0.0	0.0	0.0	3.1354942159291497	2.1972245773362196	2.4849066497880004	2.302585092994046	6.755768921984255	6.608000625296087	6.669498089857879	0.6931471805599453	0.0	0.0	6.822197390620491	6.324358962381311	7.00669522683704	0.0	0.0	0.0	0.0
MAL2	6.694562058521095	6.754604099487962	7.719573989259581	6.222576268071369	6.306275286948016	7.062191632286556	7.855932199718614	6.516193076042964	6.502790045915623	7.61085279039525	8.189522110748094	6.171700597410915	7.43955930913332	6.921658184151129	7.578145472419466	6.656726524178391	7.9017475185201445	8.163371316459912	1.0986122886681098	0.0	0.0	2.4849066497880004	2.302585092994046	0.0	0.0	0.0	0.6931471805599453	0.6931471805599453	0.0	0.0	0.6931471805599453	0.6931471805599453	0.0	0.0	0.0	0.0	0.0	0.0	0.0	0.0	0.6931471805599453	1.3862943611198906	1.3862943611198906	0.6931471805599453	8.159374736775426	8.298041661371565	9.3868953338758	8.711607995897575	8.267705664762426	8.534246945982066	6.902742737158593	7.867105500316739	3.4339872044851463	2.5649493574615367
HLA-DRB1	1.9459101490553132	0.0	0.0	0.6931471805599453	0.0	0.0	0.0	1.0986122886681098	0.0	0.6931471805599453	0.6931471805599453	0.0	0.6931471805599453	1.0986122886681098	1.3862943611198906	0.0	1.0986122886681098	1.3862943611198906	0.0	0.6931471805599453	0.0	0.6931471805599453	0.6931471805599453	0.0	0.0	1.0986122886681098	0.0	0.0	0.6931471805599453	0.0	0.0	0.0	0.0	0.0	0.0	1.791759469228055	0.0	0.0	0.0	0.0	0.6931471805599453	0.0	0.0	0.6931471805599453	8.029758520440822	8.81358720447004	9.509926311430787	8.711443319075466	8.008698182988528	8.774467601446593	9.633841842570446	10.093859947519794	6.608000625296087	4.31748811353631
SPINK5	6.593044534142437	6.311734809152915	6.748759547491679	5.638354669333745	5.634789603169249	6.345636360828596	6.839476438228843	6.09807428216624	6.278521424165844	7.417580402414544	5.823045895483019	4.465908118654584	6.45833828334479	5.645446897643238	6.282266746896006	5.5134287461649825	6.472346294500901	6.776506992372183	0.0	0.0	0.6931471805599453	0.0	0.6931471805599453	0.0	0.0	0.0	0.0	0.0	0.0	0.0	0.0	0.0	0.0	0.0	0.0	0.0	0.6931471805599453	0.0	0.0	0.0	0.0	0.0	0.0	0.0	3.828641396489095	4.5217885770490405	5.0369526024136295	4.7535901911063645	4.31748811353631	4.736198448394496	5.424950017481403	2.833213344056216	1.791759469228055	0.0
SPESP1	4.852030263919617	4.820281565605037	5.293304824724492	3.8918202981106265	3.6635616461296463	3.8066624897703196	4.290459441148391	4.532599493153256	4.418840607796598	5.5093883366279774	4.962844630259907	3.258096538021482	3.8918202981106265	3.2188758248682006	3.9889840465642745	3.2188758248682006	3.5553480614894135	4.290459441148391	0.0	0.0	0.0	0.0	0.0	0.0	0.0	0.0	0.0	0.0	0.0	0.0	0.0	0.0	0.0	0.0	0.0	0.0	0.0	0.6931471805599453	0.0	0.0	0.0	0.0	0.0	0.0	0.0	0.0	0.0	0.0	0.0	0.0	2.3978952727983707	2.995732273553991	0.0	0.0
KCNMB1	0.0	0.0	0.0	0.0	0.0	0.0	0.0	0.0	0.0	0.0	0.0	0.0	0.0	0.0	0.0	0.0	0.0	0.0	0.0	0.0	0.0	0.0	0.0	0.0	0.0	0.0	0.0	0.0	0.0	0.0	0.0	0.0	0.0	0.0	0.0	0.0	0.6931471805599453	0.0	0.0	0.0	0.0	0.0	0.0	0.0	0.0	0.0	0.0	0.0	0.0	1.0986122886681098	5.7745515455444085	5.811140992976701	2.9444389791664403	1.6094379124341003
LRRC3C	0.0	0.0	0.0	0.0	0.0	0.0	0.0	0.0	0.0	0.0	0.0	0.0	0.0	0.0	0.0	0.0	0.0	0.0	0.0	0.0	0.0	0.0	0.0	0.0	0.0	0.0	0.0	0.0	0.0	0.0	0.0	0.0	0.0	0.0	0.0	0.0	0.0	0.0	0.0	0.0	0.0	0.0	0.0	0.0	1.3862943611198906	1.3862943611198906	2.0794415416798357	1.6094379124341003	1.3862943611198906	1.791759469228055	0.0	0.0	0.0	0.0
RTN4RL2	0.6931471805599453	0.0	0.6931471805599453	0.0	0.0	0.0	0.6931471805599453	0.6931471805599453	0.0	0.6931471805599453	2.1972245773362196	0.6931471805599453	0.6931471805599453	1.3862943611198906	0.0	0.6931471805599453	0.6931471805599453	0.6931471805599453	7.641564441260972	7.003065458786462	6.78332520060396	8.654168646443315	8.304989580140361	6.338594078203183	7.016609683894219	7.0925737159746784	7.2633296174768365	7.24422751560335	6.208590026096629	6.111467339502679	6.720220155135295	7.84971375760487	7.845416036592485	7.630946580890459	5.986452005284438	7.206377291472252	7.3783837129967145	5.82600010738045	5.153291594497779	7.813187267521416	6.925595197110468	6.5337888379333435	6.45833828334479	6.440946540632921	2.995732273553991	4.31748811353631	4.418840607796598	4.477336814478207	4.219507705176107	4.74493212836325	2.3978952727983707	2.5649493574615367	0.0	0.0
IFNL3	0.0	0.0	0.0	0.0	0.6931471805599453	0.0	1.0986122886681098	0.0	0.0	0.0	2.4849066497880004	0.0	2.0794415416798357	1.6094379124341003	7.52456122628536	7.274479558773871	8.465478755729558	9.167537249650874	0.0	0.0	0.0	1.3862943611198906	0.0	0.0	0.0	0.0	0.0	0.0	0.0	0.0	0.0	0.0	0.0	0.6931471805599453	0.0	0.0	0.0	3.332204510175204	2.1972245773362196	2.6390573296152584	2.302585092994046	6.513230110912307	6.637258031284457	6.302618975744905	0.0	1.0986122886681098	0.6931471805599453	6.677083461247136	6.0867747269123065	6.862757913051401	0.0	1.0986122886681098	0.0	0.0
ITGA8	0.0	0.0	0.0	0.0	0.0	0.0	0.6931471805599453	0.0	0.0	0.0	0.0	0.0	0.0	0.0	0.0	0.0	0.0	0.0	0.0	0.0	0.0	0.0	0.0	0.0	0.0	0.0	0.0	0.0	0.0	0.6931471805599453	0.0	0.0	0.0	0.0	0.6931471805599453	0.0	0.0	0.0	0.0	0.0	0.0	0.0	0.0	0.0	0.0	0.0	0.0	0.0	0.0	0.0	4.804021044733257	4.672828834461906	0.0	0.0
ANKRD66	0.0	0.0	0.0	0.0	0.0	0.0	0.0	0.0	0.0	0.0	0.0	0.0	0.0	0.0	0.0	0.0	0.0	0.0	0.0	0.0	0.0	0.0	0.0	0.0	0.0	0.0	0.0	0.0	0.0	0.0	0.0	0.0	0.0	0.0	0.0	0.0	0.0	0.0	0.0	0.0	0.0	0.0	0.0	0.0	0.0	0.0	0.0	0.0	0.0	0.0	2.1972245773362196	3.091042453358316	0.0	0.0
CST6	3.8066624897703196	4.382026634673881	4.31748811353631	4.442651256490317	4.584967478670572	4.890349128221754	5.517452896464707	4.174387269895637	3.2188758248682006	4.709530201312334	5.1647859739235145	4.007333185232471	4.584967478670572	3.5263605246161616	5.5053315359323625	5.170483995038151	4.74493212836325	5.746203190540153	0.0	1.0986122886681098	0.0	0.0	0.0	0.0	0.0	0.0	0.0	0.0	0.0	0.0	0.0	1.0986122886681098	0.0	0.0	0.0	0.0	0.0	0.6931471805599453	0.0	0.6931471805599453	0.0	0.0	0.0	0.0	5.8522024797744745	6.968850378341948	7.337587743538596	6.3080984415095305	5.988961416889864	6.79346613258001	5.308267697401205	6.678342114654332	1.0986122886681098	0.0
GNA15	6.703188113240863	6.580639137284949	6.901737206656574	6.274762021241939	6.297109319933935	6.565264970035361	7.238496840894365	6.881411303642535	6.688354713946762	7.741533589281828	7.708410667257367	6.295266001439646	6.324358962381311	5.60947179518496	7.162397497355718	6.745236349484363	6.78332520060396	7.541683099882111	1.0986122886681098	0.6931471805599453	0.0	0.6931471805599453	1.6094379124341003	0.0	1.0986122886681098	0.6931471805599453	0.6931471805599453	0.0	0.0	0.0	0.0	1.3862943611198906	0.0	1.3862943611198906	0.0	0.6931471805599453	0.0	0.0	0.6931471805599453	0.6931471805599453	0.0	0.6931471805599453	0.0	0.6931471805599453	4.30406509320417	5.117993812416755	5.872117789475416	5.2832037287379885	4.61512051684126	5.54907608489522	6.186208623900494	6.863803391452954	2.302585092994046	0.6931471805599453
CD8B	0.0	0.0	0.0	0.0	0.0	0.0	0.0	0.0	0.0	0.0	0.0	0.0	0.0	0.0	0.0	0.0	0.0	0.0	0.0	0.0	0.0	0.0	0.0	0.0	0.0	0.0	0.0	0.0	0.0	0.0	0.0	0.0	0.0	0.0	0.0	0.0	0.0	0.0	0.0	0.0	0.0	0.0	0.0	0.0	0.0	0.0	0.0	0.0	0.0	0.0	3.970291913552122	5.58724865840025	0.0	0.0
RSPO3	0.0	0.0	0.6931471805599453	0.0	0.0	0.0	0.0	0.0	0.0	0.0	0.0	0.0	0.0	0.0	0.0	0.0	0.0	0.0	7.341483852363161	6.692083742506628	6.46302945692067	7.416979621381154	7.321188556739478	6.282266746896006	7.134890851565884	7.45876269238096	7.503840746698951	7.415175109613295	5.0369526024136295	6.261491684321042	6.889591308354466	7.826044013518965	7.421775793644647	7.193685818395112	7.561121589530238	7.606387389772652	8.324093761450404	7.188412736496954	5.517452896464707	6.148468295917647	5.402677381872279	7.560601162768557	7.252762418053187	7.786967002614872	0.0	1.0986122886681098	0.0	1.791759469228055	0.0	0.0	5.616771097666572	6.304448802421981	3.4657359027997265	0.0
NUP210	1.3862943611198906	1.791759469228055	1.0986122886681098	0.0	0.0	0.6931471805599453	0.0	1.3862943611198906	0.6931471805599453	2.0794415416798357	0.0	0.6931471805599453	0.0	0.0	1.0986122886681098	0.6931471805599453	0.6931471805599453	0.6931471805599453	8.636574948436317	8.07215530818825	7.697121317282625	7.916807490937603	7.724888439323074	6.796823718274855	7.311886164077165	8.544224530467268	8.533853632309345	8.372629740224884	5.723585101952381	7.106606137727303	7.661997558901893	8.752265313595721	8.690474003558043	8.368461137615839	8.362175469149628	8.343077871169383	8.828494129466652	6.912742820493176	6.021023349349527	6.579251212010101	6.424869023905388	7.596392304064196	7.59488438721652	7.526717561352706	6.945051063725834	7.469654172932128	8.462103225098277	7.257707677160043	6.559615237493242	7.347299700743164	4.48863636973214	6.45833828334479	1.3862943611198906	0.0
PRDX2	7.138073034044347	7.095893221097532	7.510430556378006	6.859614903654202	6.897704943128636	7.0909098220799835	7.586803535162581	7.264730177929867	6.999422467507961	8.159946655578548	8.300280189852664	6.897704943128636	7.108244139731541	6.240275845170769	7.453561871643373	7.047517221357296	7.114769448366463	8.03947991910045	1.3862943611198906	1.0986122886681098	0.6931471805599453	0.6931471805599453	1.9459101490553132	0.0	0.0	1.791759469228055	1.3862943611198906	1.0986122886681098	1.6094379124341003	0.0	0.6931471805599453	1.791759469228055	1.3862943611198906	0.0	0.6931471805599453	0.6931471805599453	1.791759469228055	1.6094379124341003	0.0	1.0986122886681098	1.6094379124341003	0.0	0.0	1.0986122886681098	6.744059186311348	7.575071699507561	8.166216268592143	6.784457062637643	6.09807428216624	6.895682697747868	7.71289096149013	7.201170883281678	1.0986122886681098	1.791759469228055
RPS4Y1	0.0	0.0	0.0	0.0	0.0	0.0	0.0	0.0	0.0	0.0	0.0	0.0	0.0	0.0	0.0	0.0	0.0	0.0	6.7650389767805414	6.07073772800249	5.8888779583328805	8.311398278436641	8.127109185346375	5.631211781821365	6.222576268071369	6.431331081933479	6.361302477572996	6.249975242259483	5.786897381366708	4.983606621708336	5.225746673713202	6.951772164398911	6.669498089857879	6.436150368369428	6.71174039505618	6.782192056006791	7.3632795869630385	6.728628613084702	5.170483995038151	7.001245622069476	6.7226297948554485	5.981414211254481	5.638354669333745	6.118097198041348	0.0	0.0	0.0	1.0986122886681098	0.0	0.0	8.69265796074698	9.211739392889891	4.736198448394496	2.302585092994046
CCL21	0.0	0.0	0.0	0.0	0.0	0.0	0.0	0.0	0.0	0.0	0.0	0.0	0.0	0.0	0.0	0.0	0.0	0.0	0.0	0.0	0.0	0.0	0.0	0.0	0.0	0.0	0.0	0.0	0.0	0.0	0.0	0.0	0.0	0.0	0.0	0.0	0.0	0.0	0.0	0.0	0.0	0.0	0.0	0.0	0.0	0.0	0.0	0.0	0.0	0.0	8.246171559857563	6.322565239927284	4.060443010546419	2.1972245773362196
ILDR1	3.4965075614664802	3.970291913552122	3.9512437185814275	2.995732273553991	2.9444389791664403	2.70805020110221	3.367295829986474	3.6635616461296463	3.6888794541139363	4.30406509320417	2.772588722239781	2.302585092994046	2.833213344056216	2.0794415416798357	3.9512437185814275	3.4965075614664802	4.219507705176107	4.330733340286331	1.0986122886681098	0.0	0.0	1.0986122886681098	0.6931471805599453	0.0	0.6931471805599453	0.0	0.0	0.0	0.0	0.0	0.0	0.0	0.6931471805599453	0.0	0.0	0.0	0.0	0.0	0.0	0.0	0.0	0.0	0.0	0.0	4.852030263919617	5.332718793265369	6.246106765481563	5.963579343618446	5.455321115357702	6.042632833682381	2.772588722239781	3.258096538021482	0.0	0.0
ZNF626	4.90527477843843	5.093750200806762	5.602118820879701	3.6109179126442243	3.4011973816621555	3.8918202981106265	4.709530201312334	4.77912349311153	4.61512051684126	5.771441123130016	5.327876168789581	3.4965075614664802	4.51085950651685	4.30406509320417	4.442651256490317	3.4965075614664802	4.624972813284271	4.454347296253507	0.0	0.0	0.0	0.0	0.0	0.0	0.0	0.0	0.0	0.0	0.0	0.0	0.0	0.0	0.0	0.0	0.0	0.0	0.0	0.0	0.0	0.0	0.0	0.0	0.6931471805599453	0.0	0.0	0.0	0.0	0.0	0.0	0.0	4.3694478524670215	4.68213122712422	0.0	0.0
GSTM5	0.0	0.0	0.0	0.0	0.0	0.0	0.0	0.0	0.0	0.0	0.0	0.6931471805599453	0.0	0.0	0.0	0.0	0.0	0.0	0.0	0.0	0.0	0.0	0.0	0.0	0.0	0.0	0.0	0.0	0.0	0.0	0.0	0.0	0.0	0.0	0.0	0.0	0.0	0.0	0.6931471805599453	0.0	0.0	0.0	0.0	0.0	0.0	0.0	0.0	0.0	0.0	0.0	6.486160788944089	4.844187086458591	1.6094379124341003	1.3862943611198906
LOC100130899	6.124683390894205	6.1070228877422545	6.597145701886651	4.204692619390966	4.330733340286331	4.762173934797756	5.3471075307174685	5.916202062607435	5.955837369464831	6.93537044601511	6.208590026096629	4.804021044733257	4.709530201312334	4.219507705176107	4.948759890378168	4.454347296253507	4.204692619390966	4.962844630259907	0.0	0.0	0.0	0.0	0.0	0.0	0.0	0.0	0.0	0.0	0.0	0.0	0.0	0.0	0.0	0.6931471805599453	0.0	0.0	0.0	0.0	0.0	0.0	0.0	0.6931471805599453	0.0	0.0	4.394449154672439	4.997212273764115	5.777652323222656	5.298317366548036	4.5217885770490405	5.1647859739235145	2.302585092994046	2.1972245773362196	0.0	0.0
TBX5	0.0	0.0	0.0	0.0	0.0	0.0	0.0	0.0	0.0	0.0	0.0	0.0	0.0	0.0	0.0	0.0	0.0	0.0	0.0	0.0	0.0	1.0986122886681098	0.0	0.0	0.0	0.0	0.0	0.0	0.0	0.0	0.0	0.0	0.0	0.0	0.0	0.0	0.0	0.6931471805599453	0.0	0.0	0.0	0.0	0.6931471805599453	0.0	0.0	0.0	0.0	0.0	0.0	0.0	7.463363045520021	6.126869184114185	2.3978952727983707	1.6094379124341003
CD3D	0.0	0.0	0.0	0.0	0.0	0.0	0.0	0.0	0.0	0.0	0.0	0.0	0.0	0.0	0.0	0.0	0.0	0.0	0.0	0.0	0.0	0.0	0.0	0.0	0.0	0.0	0.0	0.0	0.0	0.0	0.0	0.0	0.0	0.0	0.0	0.0	0.0	0.0	0.0	0.0	0.0	0.0	0.0	0.0	0.0	0.0	0.0	0.0	0.0	0.0	4.700480365792417	6.507277712385012	0.6931471805599453	0.0
CCR2	0.0	0.0	0.0	0.0	0.0	0.0	0.0	0.0	0.0	0.0	0.0	0.0	0.0	0.0	0.0	0.0	0.0	0.0	0.0	0.0	0.0	0.0	0.0	0.0	0.0	0.0	0.0	0.0	0.0	0.0	0.0	0.0	0.0	0.0	0.0	0.0	0.0	0.0	0.0	0.0	0.0	0.0	0.0	0.0	0.0	0.0	0.0	0.0	0.0	0.0	3.2188758248682006	4.564348191467836	0.0	0.0
ARMCX2	6.29156913955832	6.297109319933935	6.915723448631314	5.159055299214529	5.337538079701318	5.8377304471659395	6.505784060128229	6.208590026096629	6.267200548541362	7.328437352895162	7.057897937411856	5.278114659230517	5.707110264748875	5.062595033026967	6.3080984415095305	5.645446897643238	5.924255797414532	6.124683390894205	0.0	0.0	0.0	0.0	0.0	0.0	0.0	1.3862943611198906	0.6931471805599453	0.0	0.0	0.0	0.0	0.0	1.3862943611198906	0.6931471805599453	1.0986122886681098	0.0	0.0	0.0	0.0	0.0	0.0	0.6931471805599453	0.0	0.0	0.0	0.0	0.0	0.0	0.0	0.0	5.808142489980444	6.61472560020376	2.4849066497880004	0.0
TRHDE-AS1	0.0	0.6931471805599453	0.0	0.0	0.0	0.0	0.0	0.0	0.0	1.6094379124341003	0.0	0.0	0.6931471805599453	0.0	0.6931471805599453	0.0	0.0	0.0	0.0	0.0	0.0	0.0	0.0	0.0	0.0	0.0	0.0	0.0	0.0	0.0	0.0	0.0	0.0	0.0	0.0	0.0	0.0	0.0	0.0	0.0	0.0	0.0	0.6931471805599453	0.0	4.836281906951478	5.278114659230517	6.194405391104672	4.955827057601261	4.343805421853684	4.663439094112067	2.3978952727983707	2.6390573296152584	0.0	0.0
GJB5	6.539585955617669	6.505784060128229	6.905753276311464	6.124683390894205	6.248042874508429	6.493753839851686	7.069874128458572	6.440946540632921	6.428105272684596	7.592366128519796	7.90100705199242	6.486160788944089	6.380122536899765	5.703782474656201	6.912742820493176	6.46302945692067	6.520621127558696	7.266128779556451	1.0986122886681098	0.6931471805599453	1.6094379124341003	1.3862943611198906	0.6931471805599453	0.6931471805599453	1.0986122886681098	0.0	1.0986122886681098	0.0	0.6931471805599453	0.0	0.6931471805599453	1.6094379124341003	1.0986122886681098	1.6094379124341003	0.6931471805599453	0.0	0.0	0.6931471805599453	1.0986122886681098	0.0	0.0	0.6931471805599453	0.6931471805599453	1.0986122886681098	1.9459101490553132	2.772588722239781	3.4011973816621555	3.1780538303479458	2.772588722239781	2.9444389791664403	1.6094379124341003	2.833213344056216	0.0	0.0
SERPINB13	6.760414691083428	7.104144092987527	7.713784616598755	5.159055299214529	5.111987788356544	6.0867747269123065	6.738152494595957	6.448889394146858	6.459904454377535	7.566311014772463	6.5998704992128365	4.820281565605037	6.3578422665081	5.66988092298052	6.095824562432225	5.176149732573829	6.326149473155099	6.20455776256869	0.0	0.0	0.0	0.0	0.0	0.0	0.0	0.0	0.0	0.6931471805599453	0.0	0.0	0.0	0.0	0.0	0.0	0.0	0.0	0.0	0.0	0.0	0.0	0.0	0.0	0.0	0.0	0.0	0.0	0.0	0.0	0.0	0.0	3.091042453358316	0.0	0.0	0.0
PTPRZ1	4.969813299576001	4.983606621708336	5.37989735354046	4.454347296253507	4.48863636973214	4.77912349311153	5.472270673671475	4.30406509320417	4.3694478524670215	5.497168225293202	6.385194398997726	4.820281565605037	5.730099782973574	5.19295685089021	5.288267030694535	4.584967478670572	5.940171252720432	5.313205979041787	0.0	0.0	0.0	0.0	0.0	0.0	0.0	0.0	0.0	0.0	0.0	0.0	0.0	0.0	0.0	0.0	0.0	0.0	0.0	0.0	0.0	0.0	0.0	0.0	0.0	0.0	2.302585092994046	2.833213344056216	4.23410650459726	4.174387269895637	3.784189633918261	4.219507705176107	2.3978952727983707	2.4849066497880004	2.4849066497880004	0.0
ST6GAL2	0.0	0.0	0.0	0.0	0.0	0.0	0.0	0.0	0.6931471805599453	1.0986122886681098	0.0	0.0	0.0	0.0	0.0	0.0	0.0	0.0	7.627057417018934	6.98100574072173	6.648984550024776	6.1675164908883415	6.304448802421981	5.777652323222656	6.452048954437226	7.796469243086058	7.738923757439457	7.738923757439457	4.442651256490317	6.429719478039138	7.23561914106675	7.865955413933502	7.537430036586509	7.299797366758161	7.598399329323964	8.026823576217629	8.371242135931933	6.016157159698354	4.532599493153256	4.795790545596741	3.6109179126442243	7.171656822768514	6.928537818164665	7.3864708488298945	0.0	0.0	0.0	0.0	0.6931471805599453	0.0	2.4849066497880004	1.6094379124341003	2.6390573296152584	0.0
S100A2	11.61631203367604	11.462852478335789	12.01210554181589	10.523580052190162	10.55087871125787	10.998359521588515	11.44025799325892	11.372260114644964	11.420316633237565	12.445951379240105	11.946692922883638	10.897424276099398	10.608340947226111	9.721245992542345	11.245137518896433	10.911189965844395	10.510286772360844	11.567044263857724	4.709530201312334	3.9889840465642745	3.912023005428146	3.871201010907891	4.02535169073515	2.5649493574615367	3.6375861597263857	4.330733340286331	4.2626798770413155	4.343805421853684	4.2626798770413155	3.1780538303479458	3.332204510175204	4.875197323201151	4.61512051684126	4.343805421853684	4.30406509320417	4.564348191467836	4.919980925828125	2.833213344056216	1.6094379124341003	3.4011973816621555	2.6390573296152584	3.912023005428146	4.394449154672439	4.04305126783455	4.90527477843843	5.768320995793772	6.313548046277095	5.575949103146316	4.90527477843843	5.560681631015528	4.174387269895637	8.443761913330354	0.0	0.0
